{
  "type": "FeatureCollection",
  "features": [
    {
      "type": "Feature",
      "geometry": {
        "type": "Polygon",
        "coordinates": [
          [
            [-90.29528, 38.62095],
            [-90.29423, 38.62128],
            [-90.29265, 38.62178],
            [-90.2922, 38.62189],
            [-90.29157, 38.62202],
            [-90.2904, 38.62219],
            [-90.28852, 38.62242],
            [-90.28806, 38.62245],
            [-90.28014, 38.62339],
            [-90.2757, 38.62391],
            [-90.27569, 38.62397],
            [-90.27546, 38.62515],
            [-90.27453, 38.62974],
            [-90.28501, 38.63074],
            [-90.28676, 38.63091],
            [-90.29124, 38.63137],
            [-90.29374, 38.63161],
            [-90.29649, 38.63187],
            [-90.29762, 38.63198],
            [-90.29955, 38.63217],
            [-90.30035, 38.63227],
            [-90.30399, 38.63261],
            [-90.30452, 38.63265],
            [-90.30517, 38.633],
            [-90.3057, 38.63332],
            [-90.30585, 38.63341],
            [-90.30596, 38.63351],
            [-90.306, 38.63356],
            [-90.30627, 38.63358],
            [-90.30637, 38.63361],
            [-90.30639, 38.63353],
            [-90.30783, 38.63246],
            [-90.30871, 38.63035],
            [-90.30932, 38.62697],
            [-90.31089, 38.61829],
            [-90.31211, 38.61524],
            [-90.31158, 38.61556],
            [-90.31108, 38.61582],
            [-90.31031, 38.61615],
            [-90.30998, 38.61628],
            [-90.30977, 38.61635],
            [-90.30953, 38.61643],
            [-90.30911, 38.61654],
            [-90.30898, 38.61658],
            [-90.30875, 38.61666],
            [-90.30695, 38.6172],
            [-90.30598, 38.61751],
            [-90.29528, 38.62095]
          ]
        ]
      },
      "properties": {
        "NHD_NAME": "Dogtown",
        "NHD_NUMTXT": "41 Dogtown",
        "ANGLE": 0,
        "NHD_NUM_ST": "",
        "NHD_NUM": 41
      }
    },
    {
      "type": "Feature",
      "geometry": {
        "type": "Polygon",
        "coordinates": [
          [
            [-90.23673, 38.626],
            [-90.24214, 38.62714],
            [-90.24339, 38.62341],
            [-90.24411, 38.62217],
            [-90.24428, 38.62186],
            [-90.24436, 38.62165],
            [-90.24442, 38.62134],
            [-90.24504, 38.61717],
            [-90.23938, 38.61665],
            [-90.23937, 38.61665],
            [-90.23932, 38.61706],
            [-90.23858, 38.62065],
            [-90.23673, 38.626]
          ]
        ]
      },
      "properties": {
        "NHD_NAME": "Tiffany",
        "NHD_NUMTXT": "29 Tiffany",
        "ANGLE": 0,
        "NHD_NUM_ST": "",
        "NHD_NUM": 29
      }
    },
    {
      "type": "Feature",
      "geometry": {
        "type": "Polygon",
        "coordinates": [
          [
            [-90.24214, 38.62714],
            [-90.24716, 38.62817],
            [-90.24759, 38.62824],
            [-90.25124, 38.62594],
            [-90.25203, 38.62534],
            [-90.2528, 38.62475],
            [-90.25355, 38.62412],
            [-90.25397, 38.62376],
            [-90.25582, 38.62217],
            [-90.25842, 38.61986],
            [-90.25994, 38.61859],
            [-90.26004, 38.61851],
            [-90.25975, 38.61849],
            [-90.25886, 38.61843],
            [-90.25606, 38.61819],
            [-90.256, 38.61818],
            [-90.24504, 38.61717],
            [-90.24442, 38.62134],
            [-90.24436, 38.62165],
            [-90.24428, 38.62186],
            [-90.24411, 38.62217],
            [-90.24339, 38.62341],
            [-90.24214, 38.62714]
          ]
        ]
      },
      "properties": {
        "NHD_NAME": "Botanical Heights",
        "NHD_NUMTXT": "28 Botanical Heights",
        "ANGLE": 0,
        "NHD_NUM_ST": "",
        "NHD_NUM": 28
      }
    },
    {
      "type": "Feature",
      "geometry": {
        "type": "Polygon",
        "coordinates": [
          [
            [-90.26453, 38.62876],
            [-90.27453, 38.62974],
            [-90.27546, 38.62515],
            [-90.27569, 38.62397],
            [-90.2757, 38.62391],
            [-90.27257, 38.62428],
            [-90.27231, 38.62431],
            [-90.27154, 38.62446],
            [-90.26808, 38.62543],
            [-90.26501, 38.62586],
            [-90.26457, 38.62847],
            [-90.26453, 38.62876]
          ]
        ]
      },
      "properties": {
        "NHD_NAME": "Kings Oak",
        "NHD_NUMTXT": "40 Kings Oak",
        "ANGLE": 0,
        "NHD_NUM_ST": "",
        "NHD_NUM": 40
      }
    },
    {
      "type": "Feature",
      "geometry": {
        "type": "Polygon",
        "coordinates": [
          [
            [-90.24759, 38.62824],
            [-90.24667, 38.62888],
            [-90.24655, 38.62897],
            [-90.24615, 38.6293],
            [-90.24593, 38.62955],
            [-90.24581, 38.6297],
            [-90.24556, 38.62996],
            [-90.24533, 38.63018],
            [-90.24478, 38.63068],
            [-90.24422, 38.6312],
            [-90.2437, 38.63168],
            [-90.24342, 38.63191],
            [-90.24329, 38.63202],
            [-90.24317, 38.63231],
            [-90.24656, 38.63167],
            [-90.24769, 38.63145],
            [-90.24843, 38.63132],
            [-90.24901, 38.63122],
            [-90.24917, 38.6312],
            [-90.24949, 38.63116],
            [-90.24967, 38.63115],
            [-90.24991, 38.63115],
            [-90.25005, 38.63116],
            [-90.25044, 38.63118],
            [-90.25081, 38.6312],
            [-90.25108, 38.63121],
            [-90.2514, 38.63123],
            [-90.2519, 38.63127],
            [-90.25227, 38.63127],
            [-90.25278, 38.63125],
            [-90.2532, 38.63122],
            [-90.25355, 38.63118],
            [-90.25376, 38.63114],
            [-90.25449, 38.63101],
            [-90.25458, 38.63099],
            [-90.25478, 38.63096],
            [-90.25508, 38.63094],
            [-90.25562, 38.63094],
            [-90.25582, 38.63094],
            [-90.25598, 38.63096],
            [-90.2562, 38.63098],
            [-90.25643, 38.63101],
            [-90.25671, 38.63106],
            [-90.257, 38.63112],
            [-90.25728, 38.6312],
            [-90.25748, 38.63125],
            [-90.25763, 38.6313],
            [-90.2578, 38.63136],
            [-90.25799, 38.63142],
            [-90.25821, 38.63149],
            [-90.25845, 38.63156],
            [-90.25868, 38.63163],
            [-90.2589, 38.6317],
            [-90.2591, 38.63175],
            [-90.25927, 38.6318],
            [-90.25958, 38.63188],
            [-90.25987, 38.63195],
            [-90.26013, 38.632],
            [-90.26025, 38.63202],
            [-90.26051, 38.63207],
            [-90.26056, 38.63207],
            [-90.26069, 38.63209],
            [-90.26088, 38.63211],
            [-90.26112, 38.63213],
            [-90.26128, 38.63214],
            [-90.26167, 38.63213],
            [-90.26195, 38.63212],
            [-90.26225, 38.6321],
            [-90.26255, 38.63207],
            [-90.26285, 38.63203],
            [-90.26305, 38.63199],
            [-90.26326, 38.63195],
            [-90.26348, 38.6319],
            [-90.26374, 38.63183],
            [-90.26398, 38.63176],
            [-90.26419, 38.6317],
            [-90.26444, 38.63161],
            [-90.26461, 38.63156],
            [-90.26498, 38.63143],
            [-90.26524, 38.63133],
            [-90.2654, 38.63127],
            [-90.26475, 38.6302],
            [-90.2646, 38.62992],
            [-90.2645, 38.62965],
            [-90.26445, 38.62938],
            [-90.26447, 38.62921],
            [-90.26453, 38.62876],
            [-90.26457, 38.62847],
            [-90.26501, 38.62586],
            [-90.26608, 38.62055],
            [-90.26651, 38.61842],
            [-90.26562, 38.61845],
            [-90.26497, 38.61847],
            [-90.2643, 38.6185],
            [-90.26345, 38.61852],
            [-90.26292, 38.61853],
            [-90.26159, 38.61854],
            [-90.26082, 38.61854],
            [-90.26021, 38.61852],
            [-90.26004, 38.61851],
            [-90.25994, 38.61859],
            [-90.25842, 38.61986],
            [-90.25582, 38.62217],
            [-90.25397, 38.62376],
            [-90.25355, 38.62412],
            [-90.2528, 38.62475],
            [-90.25203, 38.62534],
            [-90.25124, 38.62594],
            [-90.24759, 38.62824]
          ]
        ]
      },
      "properties": {
        "NHD_NAME": "The Grove",
        "NHD_NUMTXT": "39 The Grove",
        "ANGLE": 0,
        "NHD_NUM_ST": "",
        "NHD_NUM": 39
      }
    },
    {
      "type": "Feature",
      "geometry": {
        "type": "Polygon",
        "coordinates": [
          [
            [-90.19542, 38.63534],
            [-90.20059, 38.63642],
            [-90.20254, 38.63683],
            [-90.21284, 38.639],
            [-90.21281, 38.63677],
            [-90.21281, 38.63637],
            [-90.21283, 38.63618],
            [-90.2129, 38.63582],
            [-90.21293, 38.63573],
            [-90.21305, 38.63538],
            [-90.21319, 38.63509],
            [-90.21345, 38.63467],
            [-90.21377, 38.63413],
            [-90.21423, 38.63318],
            [-90.21437, 38.63293],
            [-90.21463, 38.63251],
            [-90.21696, 38.62873],
            [-90.21769, 38.62754],
            [-90.21793, 38.62717],
            [-90.21805, 38.6269],
            [-90.2181, 38.62669],
            [-90.21814, 38.62641],
            [-90.21815, 38.62606],
            [-90.21815, 38.62585],
            [-90.21814, 38.62428],
            [-90.21814, 38.624],
            [-90.21818, 38.62364],
            [-90.2183, 38.62313],
            [-90.21841, 38.62276],
            [-90.2186, 38.62223],
            [-90.20879, 38.62019],
            [-90.20168, 38.61876],
            [-90.20168, 38.61884],
            [-90.19952, 38.62432],
            [-90.19825, 38.62746],
            [-90.19695, 38.63122],
            [-90.19674, 38.63177],
            [-90.19653, 38.63227],
            [-90.19578, 38.63427],
            [-90.19542, 38.63534]
          ]
        ]
      },
      "properties": {
        "NHD_NAME": "Downtown West",
        "NHD_NUMTXT": "36 Downtown West",
        "ANGLE": 0,
        "NHD_NUM_ST": "",
        "NHD_NUM": 36
      }
    },
    {
      "type": "Feature",
      "geometry": {
        "type": "Polygon",
        "coordinates": [
          [
            [-90.23673, 38.626],
            [-90.2186, 38.62223],
            [-90.21841, 38.62276],
            [-90.2183, 38.62313],
            [-90.21818, 38.62364],
            [-90.21814, 38.624],
            [-90.21814, 38.62428],
            [-90.21815, 38.62585],
            [-90.21815, 38.62606],
            [-90.21814, 38.62641],
            [-90.2181, 38.62669],
            [-90.21805, 38.6269],
            [-90.21793, 38.62717],
            [-90.21769, 38.62754],
            [-90.21696, 38.62873],
            [-90.21463, 38.63251],
            [-90.21437, 38.63293],
            [-90.21423, 38.63318],
            [-90.21377, 38.63413],
            [-90.21345, 38.63467],
            [-90.21319, 38.63509],
            [-90.21305, 38.63538],
            [-90.21293, 38.63573],
            [-90.2129, 38.63582],
            [-90.21283, 38.63618],
            [-90.21281, 38.63637],
            [-90.21281, 38.63677],
            [-90.21524, 38.63733],
            [-90.21705, 38.63773],
            [-90.21807, 38.63795],
            [-90.21889, 38.63812],
            [-90.22433, 38.63925],
            [-90.22556, 38.63573],
            [-90.22792, 38.63623],
            [-90.22834, 38.63636],
            [-90.2288, 38.63643],
            [-90.23049, 38.63679],
            [-90.24085, 38.63893],
            [-90.24099, 38.63866],
            [-90.24231, 38.63473],
            [-90.24275, 38.63343],
            [-90.24301, 38.63268],
            [-90.24317, 38.63231],
            [-90.24329, 38.63202],
            [-90.24342, 38.63191],
            [-90.2437, 38.63168],
            [-90.24422, 38.6312],
            [-90.24478, 38.63068],
            [-90.24533, 38.63018],
            [-90.24556, 38.62996],
            [-90.24581, 38.6297],
            [-90.24593, 38.62955],
            [-90.24615, 38.6293],
            [-90.24655, 38.62897],
            [-90.24667, 38.62888],
            [-90.24759, 38.62824],
            [-90.24716, 38.62817],
            [-90.24214, 38.62714],
            [-90.23673, 38.626]
          ]
        ]
      },
      "properties": {
        "NHD_NAME": "Midtown",
        "NHD_NUMTXT": "37 Midtown",
        "ANGLE": 0,
        "NHD_NUM_ST": "",
        "NHD_NUM": 37
      }
    },
    {
      "type": "Feature",
      "geometry": {
        "type": "Polygon",
        "coordinates": [
          [
            [-90.18714, 38.63968],
            [-90.1873, 38.63972],
            [-90.19408, 38.64114],
            [-90.19457, 38.63971],
            [-90.19464, 38.63946],
            [-90.19464, 38.63933],
            [-90.19443, 38.63858],
            [-90.19438, 38.63851],
            [-90.19439, 38.63835],
            [-90.19538, 38.63545],
            [-90.19515, 38.63537],
            [-90.18809, 38.63391],
            [-90.18761, 38.63379],
            [-90.18715, 38.63362],
            [-90.18697, 38.63356],
            [-90.1869, 38.63352],
            [-90.18664, 38.63338],
            [-90.18656, 38.63334],
            [-90.18644, 38.6333],
            [-90.18614, 38.63323],
            [-90.18606, 38.63321],
            [-90.18609, 38.63443],
            [-90.18611, 38.63523],
            [-90.18614, 38.63662],
            [-90.18614, 38.63721],
            [-90.18628, 38.63768],
            [-90.18637, 38.63806],
            [-90.18644, 38.63825],
            [-90.18656, 38.63855],
            [-90.18672, 38.6389],
            [-90.18686, 38.63919],
            [-90.18708, 38.63959],
            [-90.18714, 38.63968]
          ]
        ]
      },
      "properties": {
        "NHD_NAME": "Columbus Square",
        "NHD_NUMTXT": "62 Columbus Square",
        "ANGLE": 0,
        "NHD_NUM_ST": "",
        "NHD_NUM": 62
      }
    },
    {
      "type": "Feature",
      "geometry": {
        "type": "Polygon",
        "coordinates": [
          [
            [-90.19542, 38.63534],
            [-90.19538, 38.63545],
            [-90.19439, 38.63835],
            [-90.19438, 38.63851],
            [-90.19443, 38.63858],
            [-90.19464, 38.63933],
            [-90.19464, 38.63946],
            [-90.19457, 38.63971],
            [-90.19408, 38.64114],
            [-90.20516, 38.64347],
            [-90.21283, 38.64508],
            [-90.2128, 38.6448],
            [-90.21279, 38.64463],
            [-90.21275, 38.64401],
            [-90.21275, 38.64387],
            [-90.21274, 38.64223],
            [-90.2128, 38.64129],
            [-90.21284, 38.639],
            [-90.20254, 38.63683],
            [-90.20059, 38.63642],
            [-90.19542, 38.63534]
          ]
        ]
      },
      "properties": {
        "NHD_NAME": "Carr Square",
        "NHD_NUMTXT": "61 Carr Square",
        "ANGLE": 0,
        "NHD_NUM_ST": "",
        "NHD_NUM": 61
      }
    },
    {
      "type": "Feature",
      "geometry": {
        "type": "Polygon",
        "coordinates": [
          [
            [-90.30452, 38.63265],
            [-90.3045, 38.63268],
            [-90.30434, 38.6334],
            [-90.30429, 38.63362],
            [-90.3041, 38.63426],
            [-90.3039, 38.635],
            [-90.30381, 38.63539],
            [-90.30368, 38.63624],
            [-90.30351, 38.63731],
            [-90.30335, 38.63839],
            [-90.30316, 38.63945],
            [-90.30293, 38.64053],
            [-90.30269, 38.64151],
            [-90.30167, 38.64423],
            [-90.30159, 38.64442],
            [-90.30154, 38.6446],
            [-90.3014, 38.64517],
            [-90.30123, 38.64599],
            [-90.30102, 38.64735],
            [-90.30092, 38.64792],
            [-90.30097, 38.64792],
            [-90.30104, 38.64791],
            [-90.30109, 38.6479],
            [-90.30113, 38.64789],
            [-90.3012, 38.64786],
            [-90.30125, 38.64782],
            [-90.30128, 38.64778],
            [-90.30132, 38.64771],
            [-90.30133, 38.64765],
            [-90.30311, 38.64784],
            [-90.30358, 38.64502],
            [-90.30359, 38.64495],
            [-90.3048, 38.64245],
            [-90.30637, 38.63361],
            [-90.30627, 38.63358],
            [-90.306, 38.63356],
            [-90.30596, 38.63351],
            [-90.30585, 38.63341],
            [-90.3057, 38.63332],
            [-90.30517, 38.633],
            [-90.30452, 38.63265]
          ]
        ]
      },
      "properties": {
        "NHD_NAME": "Wydown Skinker",
        "NHD_NUMTXT": "45 Wydown Skinker",
        "ANGLE": 0,
        "NHD_NUM_ST": "",
        "NHD_NUM": 45
      }
    },
    {
      "type": "Feature",
      "geometry": {
        "type": "Polygon",
        "coordinates": [
          [
            [-90.22433, 38.63925],
            [-90.22399, 38.64017],
            [-90.22401, 38.64359],
            [-90.22392, 38.64363],
            [-90.22426, 38.64387],
            [-90.22521, 38.64486],
            [-90.22564, 38.64533],
            [-90.22918, 38.64932],
            [-90.22944, 38.64968],
            [-90.22963, 38.64976],
            [-90.23236, 38.65095],
            [-90.23777, 38.64334],
            [-90.24085, 38.63893],
            [-90.23049, 38.63679],
            [-90.2288, 38.63643],
            [-90.22834, 38.63636],
            [-90.22792, 38.63623],
            [-90.22556, 38.63573],
            [-90.22433, 38.63925]
          ]
        ]
      },
      "properties": {
        "NHD_NAME": "Covenant Blu-Grand Center",
        "NHD_NUMTXT": "77 Covenant Blu-Grand Center",
        "ANGLE": 0,
        "NHD_NUM_ST": "",
        "NHD_NUM": 77
      }
    },
    {
      "type": "Feature",
      "geometry": {
        "type": "Polygon",
        "coordinates": [
          [
            [-90.24317, 38.63231],
            [-90.24301, 38.63268],
            [-90.24275, 38.63343],
            [-90.24231, 38.63473],
            [-90.24099, 38.63866],
            [-90.24085, 38.63893],
            [-90.23777, 38.64334],
            [-90.2454, 38.64671],
            [-90.24547, 38.64673],
            [-90.24553, 38.64674],
            [-90.25053, 38.64894],
            [-90.25492, 38.65087],
            [-90.25758, 38.6511],
            [-90.26337, 38.6516],
            [-90.26351, 38.65158],
            [-90.26362, 38.65157],
            [-90.27066, 38.65229],
            [-90.27215, 38.65244],
            [-90.27261, 38.65251],
            [-90.2729, 38.65256],
            [-90.27326, 38.65265],
            [-90.27337, 38.65268],
            [-90.27465, 38.64502],
            [-90.26724, 38.64428],
            [-90.26583, 38.64415],
            [-90.26538, 38.64409],
            [-90.26518, 38.64405],
            [-90.26502, 38.64401],
            [-90.26483, 38.64395],
            [-90.26519, 38.64245],
            [-90.26564, 38.63972],
            [-90.26641, 38.63512],
            [-90.26646, 38.63473],
            [-90.26652, 38.63427],
            [-90.26652, 38.63394],
            [-90.26644, 38.6333],
            [-90.26641, 38.63315],
            [-90.26621, 38.63266],
            [-90.26604, 38.63232],
            [-90.2654, 38.63127],
            [-90.26524, 38.63133],
            [-90.26498, 38.63143],
            [-90.26461, 38.63156],
            [-90.26444, 38.63161],
            [-90.26419, 38.6317],
            [-90.26398, 38.63176],
            [-90.26374, 38.63183],
            [-90.26348, 38.6319],
            [-90.26326, 38.63195],
            [-90.26305, 38.63199],
            [-90.26285, 38.63203],
            [-90.26255, 38.63207],
            [-90.26225, 38.6321],
            [-90.26195, 38.63212],
            [-90.26167, 38.63213],
            [-90.26128, 38.63214],
            [-90.26112, 38.63213],
            [-90.26088, 38.63211],
            [-90.26069, 38.63209],
            [-90.26056, 38.63207],
            [-90.26051, 38.63207],
            [-90.26025, 38.63202],
            [-90.26013, 38.632],
            [-90.25987, 38.63195],
            [-90.25958, 38.63188],
            [-90.25927, 38.6318],
            [-90.2591, 38.63175],
            [-90.2589, 38.6317],
            [-90.25868, 38.63163],
            [-90.25845, 38.63156],
            [-90.25821, 38.63149],
            [-90.25799, 38.63142],
            [-90.2578, 38.63136],
            [-90.25763, 38.6313],
            [-90.25748, 38.63125],
            [-90.25728, 38.6312],
            [-90.257, 38.63112],
            [-90.25671, 38.63106],
            [-90.25643, 38.63101],
            [-90.2562, 38.63098],
            [-90.25598, 38.63096],
            [-90.25582, 38.63094],
            [-90.25562, 38.63094],
            [-90.25508, 38.63094],
            [-90.25478, 38.63096],
            [-90.25458, 38.63099],
            [-90.25449, 38.63101],
            [-90.25376, 38.63114],
            [-90.25355, 38.63118],
            [-90.2532, 38.63122],
            [-90.25278, 38.63125],
            [-90.25227, 38.63127],
            [-90.2519, 38.63127],
            [-90.2514, 38.63123],
            [-90.25108, 38.63121],
            [-90.25081, 38.6312],
            [-90.25044, 38.63118],
            [-90.25005, 38.63116],
            [-90.24991, 38.63115],
            [-90.24967, 38.63115],
            [-90.24949, 38.63116],
            [-90.24917, 38.6312],
            [-90.24901, 38.63122],
            [-90.24843, 38.63132],
            [-90.24769, 38.63145],
            [-90.24656, 38.63167],
            [-90.24317, 38.63231]
          ]
        ]
      },
      "properties": {
        "NHD_NAME": "Central West End",
        "NHD_NUMTXT": "38 Central West End",
        "ANGLE": 0,
        "NHD_NUM_ST": "",
        "NHD_NUM": 38
      }
    },
    {
      "type": "Feature",
      "geometry": {
        "type": "Polygon",
        "coordinates": [
          [
            [-90.18714, 38.63968],
            [-90.18725, 38.63987],
            [-90.18755, 38.64036],
            [-90.18798, 38.64118],
            [-90.18845, 38.64209],
            [-90.18869, 38.64257],
            [-90.18914, 38.64341],
            [-90.18973, 38.64455],
            [-90.19027, 38.64563],
            [-90.191, 38.64707],
            [-90.19161, 38.64828],
            [-90.19267, 38.65039],
            [-90.19376, 38.65258],
            [-90.19408, 38.6532],
            [-90.19469, 38.65442],
            [-90.19547, 38.65458],
            [-90.19617, 38.65473],
            [-90.19936, 38.65542],
            [-90.20293, 38.65618],
            [-90.20332, 38.65623],
            [-90.20317, 38.65608],
            [-90.20242, 38.65489],
            [-90.20168, 38.65365],
            [-90.2012, 38.65282],
            [-90.20056, 38.6517],
            [-90.1984, 38.64747],
            [-90.19721, 38.64508],
            [-90.19696, 38.64454],
            [-90.19685, 38.64432],
            [-90.19678, 38.64399],
            [-90.1967, 38.64379],
            [-90.19639, 38.64347],
            [-90.19618, 38.64331],
            [-90.19593, 38.64316],
            [-90.1957, 38.64305],
            [-90.19518, 38.64293],
            [-90.19463, 38.6428],
            [-90.19424, 38.64265],
            [-90.19399, 38.64237],
            [-90.19389, 38.64215],
            [-90.19384, 38.64187],
            [-90.19392, 38.64162],
            [-90.19408, 38.64114],
            [-90.1873, 38.63972],
            [-90.18714, 38.63968]
          ]
        ]
      },
      "properties": {
        "NHD_NAME": "Old North St. Louis",
        "NHD_NUMTXT": "63 Old North St. Louis",
        "ANGLE": 0,
        "NHD_NUM_ST": "",
        "NHD_NUM": 63
      }
    },
    {
      "type": "Feature",
      "geometry": {
        "type": "Polygon",
        "coordinates": [
          [
            [-90.23236, 38.65095],
            [-90.23663, 38.65282],
            [-90.2451, 38.65653],
            [-90.24512, 38.65646],
            [-90.25053, 38.64894],
            [-90.24553, 38.64674],
            [-90.24547, 38.64673],
            [-90.2454, 38.64671],
            [-90.23777, 38.64334],
            [-90.23236, 38.65095]
          ]
        ]
      },
      "properties": {
        "NHD_NAME": "Vandeventer",
        "NHD_NUMTXT": "58 Vandeventer",
        "ANGLE": 0,
        "NHD_NUM_ST": "",
        "NHD_NUM": 58
      }
    },
    {
      "type": "Feature",
      "geometry": {
        "type": "Polygon",
        "coordinates": [
          [
            [-90.19408, 38.64114],
            [-90.19392, 38.64162],
            [-90.19384, 38.64187],
            [-90.19389, 38.64215],
            [-90.19399, 38.64237],
            [-90.19424, 38.64265],
            [-90.19463, 38.6428],
            [-90.19518, 38.64293],
            [-90.1957, 38.64305],
            [-90.19593, 38.64316],
            [-90.19618, 38.64331],
            [-90.19639, 38.64347],
            [-90.1967, 38.64379],
            [-90.19678, 38.64399],
            [-90.19685, 38.64432],
            [-90.19696, 38.64454],
            [-90.19721, 38.64508],
            [-90.1984, 38.64747],
            [-90.20056, 38.6517],
            [-90.2012, 38.65282],
            [-90.20168, 38.65365],
            [-90.20242, 38.65489],
            [-90.20317, 38.65608],
            [-90.20332, 38.65623],
            [-90.20373, 38.65629],
            [-90.20767, 38.65711],
            [-90.20794, 38.6572],
            [-90.20838, 38.65738],
            [-90.21134, 38.65866],
            [-90.2126, 38.65826],
            [-90.21261, 38.65822],
            [-90.21261, 38.65817],
            [-90.21293, 38.65723],
            [-90.21296, 38.65717],
            [-90.21299, 38.65711],
            [-90.21286, 38.6495],
            [-90.21287, 38.64945],
            [-90.21289, 38.64941],
            [-90.2129, 38.64897],
            [-90.21282, 38.64878],
            [-90.21289, 38.64852],
            [-90.21291, 38.64833],
            [-90.21292, 38.64803],
            [-90.21291, 38.64761],
            [-90.2129, 38.64706],
            [-90.2129, 38.64662],
            [-90.21291, 38.64609],
            [-90.21289, 38.64558],
            [-90.21284, 38.64515],
            [-90.21283, 38.64508],
            [-90.20516, 38.64347],
            [-90.19408, 38.64114]
          ]
        ]
      },
      "properties": {
        "NHD_NAME": "St. Louis Place",
        "NHD_NUMTXT": "60 St. Louis Place",
        "ANGLE": 0,
        "NHD_NUM_ST": "",
        "NHD_NUM": 60
      }
    },
    {
      "type": "Feature",
      "geometry": {
        "type": "Polygon",
        "coordinates": [
          [
            [-90.27223, 38.65957],
            [-90.27803, 38.66016],
            [-90.27914, 38.65343],
            [-90.27457, 38.65297],
            [-90.27431, 38.65292],
            [-90.27375, 38.65279],
            [-90.27349, 38.65271],
            [-90.27337, 38.65268],
            [-90.27223, 38.65957]
          ]
        ]
      },
      "properties": {
        "NHD_NAME": "Visitation Park",
        "NHD_NUMTXT": "49 Visitation Park",
        "ANGLE": 0,
        "NHD_NUM_ST": "",
        "NHD_NUM": 49
      }
    },
    {
      "type": "Feature",
      "geometry": {
        "type": "Polygon",
        "coordinates": [
          [
            [-90.25053, 38.64894],
            [-90.24512, 38.65646],
            [-90.2451, 38.65653],
            [-90.24806, 38.65783],
            [-90.25344, 38.66018],
            [-90.25351, 38.66021],
            [-90.25444, 38.66062],
            [-90.25588, 38.66113],
            [-90.25758, 38.6511],
            [-90.25492, 38.65087],
            [-90.25053, 38.64894]
          ]
        ]
      },
      "properties": {
        "NHD_NAME": "Lewis Place",
        "NHD_NUMTXT": "54 Lewis Place",
        "ANGLE": 0,
        "NHD_NUM_ST": "",
        "NHD_NUM": 54
      }
    },
    {
      "type": "Feature",
      "geometry": {
        "type": "Polygon",
        "coordinates": [
          [
            [-90.25758, 38.6511],
            [-90.25588, 38.66113],
            [-90.26153, 38.66307],
            [-90.26159, 38.66292],
            [-90.26351, 38.65158],
            [-90.26337, 38.6516],
            [-90.25758, 38.6511]
          ]
        ]
      },
      "properties": {
        "NHD_NAME": "Fountain Park",
        "NHD_NUMTXT": "53 Fountain Park",
        "ANGLE": 0,
        "NHD_NUM_ST": "",
        "NHD_NUM": 53
      }
    },
    {
      "type": "Feature",
      "geometry": {
        "type": "Polygon",
        "coordinates": [
          [
            [-90.21284, 38.639],
            [-90.2128, 38.64129],
            [-90.21274, 38.64223],
            [-90.21275, 38.64387],
            [-90.21275, 38.64401],
            [-90.21279, 38.64463],
            [-90.2128, 38.6448],
            [-90.21283, 38.64508],
            [-90.21284, 38.64515],
            [-90.21289, 38.64558],
            [-90.21291, 38.64609],
            [-90.2129, 38.64662],
            [-90.2129, 38.64706],
            [-90.21291, 38.64761],
            [-90.21292, 38.64803],
            [-90.21291, 38.64833],
            [-90.21289, 38.64852],
            [-90.21282, 38.64878],
            [-90.2129, 38.64897],
            [-90.21289, 38.64941],
            [-90.21287, 38.64945],
            [-90.21286, 38.6495],
            [-90.21299, 38.65711],
            [-90.21296, 38.65717],
            [-90.21293, 38.65723],
            [-90.21261, 38.65817],
            [-90.21261, 38.65822],
            [-90.2126, 38.65826],
            [-90.21134, 38.65866],
            [-90.2116, 38.65877],
            [-90.21225, 38.65909],
            [-90.21294, 38.65946],
            [-90.21322, 38.65959],
            [-90.21675, 38.66114],
            [-90.22272, 38.66376],
            [-90.23153, 38.6514],
            [-90.23207, 38.65123],
            [-90.23225, 38.65107],
            [-90.23236, 38.65095],
            [-90.22963, 38.64976],
            [-90.22944, 38.64968],
            [-90.22918, 38.64932],
            [-90.22564, 38.64533],
            [-90.22521, 38.64486],
            [-90.22426, 38.64387],
            [-90.22392, 38.64363],
            [-90.22401, 38.64359],
            [-90.22399, 38.64017],
            [-90.22433, 38.63925],
            [-90.21889, 38.63812],
            [-90.21807, 38.63795],
            [-90.21705, 38.63773],
            [-90.21524, 38.63733],
            [-90.21281, 38.63677],
            [-90.21284, 38.639]
          ]
        ]
      },
      "properties": {
        "NHD_NAME": "Jeff Vanderlou",
        "NHD_NUMTXT": "59 Jeff Vanderlou",
        "ANGLE": 0,
        "NHD_NUM_ST": "",
        "NHD_NUM": 59
      }
    },
    {
      "type": "Feature",
      "geometry": {
        "type": "Polygon",
        "coordinates": [
          [
            [-90.23663, 38.65282],
            [-90.23134, 38.66024],
            [-90.24282, 38.66523],
            [-90.24806, 38.65783],
            [-90.2451, 38.65653],
            [-90.23663, 38.65282]
          ]
        ]
      },
      "properties": {
        "NHD_NAME": "The Ville",
        "NHD_NUMTXT": "57 The Ville",
        "ANGLE": 0,
        "NHD_NUM_ST": "",
        "NHD_NUM": 57
      }
    },
    {
      "type": "Feature",
      "geometry": {
        "type": "Polygon",
        "coordinates": [
          [
            [-90.26351, 38.65158],
            [-90.26159, 38.66292],
            [-90.26153, 38.66307],
            [-90.26489, 38.6643],
            [-90.26568, 38.66468],
            [-90.26771, 38.66577],
            [-90.27192, 38.66109],
            [-90.27196, 38.66105],
            [-90.27198, 38.66101],
            [-90.27201, 38.66092],
            [-90.27206, 38.66078],
            [-90.27223, 38.65957],
            [-90.27337, 38.65268],
            [-90.27326, 38.65265],
            [-90.2729, 38.65256],
            [-90.27261, 38.65251],
            [-90.27215, 38.65244],
            [-90.27066, 38.65229],
            [-90.26362, 38.65157],
            [-90.26351, 38.65158]
          ]
        ]
      },
      "properties": {
        "NHD_NAME": "Academy",
        "NHD_NUMTXT": "51 Academy",
        "ANGLE": 0,
        "NHD_NUM_ST": "",
        "NHD_NUM": 51
      }
    },
    {
      "type": "Feature",
      "geometry": {
        "type": "Polygon",
        "coordinates": [
          [
            [-90.19469, 38.65442],
            [-90.19486, 38.65477],
            [-90.19536, 38.65576],
            [-90.1956, 38.65626],
            [-90.19573, 38.65656],
            [-90.1959, 38.65703],
            [-90.19596, 38.65727],
            [-90.19605, 38.65761],
            [-90.19609, 38.65785],
            [-90.19617, 38.65828],
            [-90.19624, 38.65877],
            [-90.19634, 38.65931],
            [-90.19641, 38.6597],
            [-90.19654, 38.66024],
            [-90.19666, 38.6606],
            [-90.19686, 38.66112],
            [-90.19703, 38.66148],
            [-90.1973, 38.66203],
            [-90.19768, 38.66279],
            [-90.19797, 38.66337],
            [-90.19822, 38.66384],
            [-90.19869, 38.66463],
            [-90.19898, 38.66508],
            [-90.19936, 38.66564],
            [-90.20004, 38.66664],
            [-90.20084, 38.66782],
            [-90.20116, 38.6683],
            [-90.20225, 38.66838],
            [-90.20367, 38.66848],
            [-90.20761, 38.66724],
            [-90.20768, 38.66721],
            [-90.20873, 38.66689],
            [-90.20844, 38.66632],
            [-90.21322, 38.65959],
            [-90.21294, 38.65946],
            [-90.21225, 38.65909],
            [-90.2116, 38.65877],
            [-90.21134, 38.65866],
            [-90.20838, 38.65738],
            [-90.20794, 38.6572],
            [-90.20767, 38.65711],
            [-90.20373, 38.65629],
            [-90.20332, 38.65623],
            [-90.20293, 38.65618],
            [-90.19936, 38.65542],
            [-90.19617, 38.65473],
            [-90.19547, 38.65458],
            [-90.19469, 38.65442]
          ]
        ]
      },
      "properties": {
        "NHD_NAME": "Hyde Park",
        "NHD_NUMTXT": "65 Hyde Park",
        "ANGLE": 0,
        "NHD_NUM_ST": "",
        "NHD_NUM": 65
      }
    },
    {
      "type": "Feature",
      "geometry": {
        "type": "Polygon",
        "coordinates": [
          [
            [-90.21675, 38.66114],
            [-90.21419, 38.66479],
            [-90.21836, 38.6666],
            [-90.22203, 38.6682],
            [-90.22628, 38.67006],
            [-90.22887, 38.66645],
            [-90.22272, 38.66376],
            [-90.21675, 38.66114]
          ]
        ]
      },
      "properties": {
        "NHD_NAME": "Fairground Park",
        "NHD_NUMTXT": "83 Fairground Park",
        "ANGLE": 0,
        "NHD_NUM_ST": "",
        "NHD_NUM": 83
      }
    },
    {
      "type": "Feature",
      "geometry": {
        "type": "Polygon",
        "coordinates": [
          [
            [-90.27223, 38.65957],
            [-90.27206, 38.66078],
            [-90.27201, 38.66092],
            [-90.27212, 38.66094],
            [-90.2722, 38.66096],
            [-90.27617, 38.66311],
            [-90.289, 38.67003],
            [-90.28998, 38.6706],
            [-90.29659, 38.66224],
            [-90.30181, 38.65565],
            [-90.29458, 38.65496],
            [-90.28434, 38.65395],
            [-90.27914, 38.65343],
            [-90.27803, 38.66016],
            [-90.27223, 38.65957]
          ]
        ]
      },
      "properties": {
        "NHD_NAME": "West End",
        "NHD_NUMTXT": "48 West End",
        "ANGLE": 0,
        "NHD_NUM_ST": "",
        "NHD_NUM": 48
      }
    },
    {
      "type": "Feature",
      "geometry": {
        "type": "Polygon",
        "coordinates": [
          [
            [-90.23236, 38.65095],
            [-90.23225, 38.65107],
            [-90.23207, 38.65123],
            [-90.23153, 38.6514],
            [-90.22272, 38.66376],
            [-90.22887, 38.66645],
            [-90.23645, 38.66978],
            [-90.23938, 38.67106],
            [-90.24251, 38.67237],
            [-90.24426, 38.67307],
            [-90.25351, 38.66021],
            [-90.25344, 38.66018],
            [-90.24806, 38.65783],
            [-90.24282, 38.66523],
            [-90.23134, 38.66024],
            [-90.23663, 38.65282],
            [-90.23236, 38.65095]
          ]
        ]
      },
      "properties": {
        "NHD_NAME": "Greater Ville",
        "NHD_NUMTXT": "56 Greater Ville",
        "ANGLE": 0,
        "NHD_NUM_ST": "",
        "NHD_NUM": 56
      }
    },
    {
      "type": "Feature",
      "geometry": {
        "type": "Polygon",
        "coordinates": [
          [
            [-90.21322, 38.65959],
            [-90.20844, 38.66632],
            [-90.20873, 38.66689],
            [-90.20919, 38.66776],
            [-90.21077, 38.66886],
            [-90.211, 38.66901],
            [-90.21119, 38.66912],
            [-90.21226, 38.66962],
            [-90.21241, 38.66972],
            [-90.21422, 38.67154],
            [-90.21429, 38.67159],
            [-90.21818, 38.67332],
            [-90.21855, 38.67297],
            [-90.2208, 38.6701],
            [-90.22071, 38.67006],
            [-90.22203, 38.6682],
            [-90.21836, 38.6666],
            [-90.21419, 38.66479],
            [-90.21675, 38.66114],
            [-90.21322, 38.65959]
          ]
        ]
      },
      "properties": {
        "NHD_NAME": "Fairground Neighborhood",
        "NHD_NUMTXT": "67 Fairground Neighborhood",
        "ANGLE": 0,
        "NHD_NUM_ST": "",
        "NHD_NUM": 67
      }
    },
    {
      "type": "Feature",
      "geometry": {
        "type": "Polygon",
        "coordinates": [
          [
            [-90.26771, 38.66577],
            [-90.27562, 38.67006],
            [-90.27939, 38.6721],
            [-90.286, 38.67563],
            [-90.28998, 38.6706],
            [-90.289, 38.67003],
            [-90.27617, 38.66311],
            [-90.2722, 38.66096],
            [-90.27212, 38.66094],
            [-90.27201, 38.66092],
            [-90.27198, 38.66101],
            [-90.27196, 38.66105],
            [-90.27192, 38.66109],
            [-90.26771, 38.66577]
          ]
        ]
      },
      "properties": {
        "NHD_NAME": "Hamilton Heights",
        "NHD_NUMTXT": "78 Hamilton Heights",
        "ANGLE": 0,
        "NHD_NUM_ST": "",
        "NHD_NUM": 78
      }
    },
    {
      "type": "Feature",
      "geometry": {
        "type": "Polygon",
        "coordinates": [
          [
            [-90.25351, 38.66021],
            [-90.24426, 38.67307],
            [-90.25182, 38.67637],
            [-90.25586, 38.67063],
            [-90.25718, 38.66893],
            [-90.25977, 38.66552],
            [-90.26153, 38.66307],
            [-90.25588, 38.66113],
            [-90.25444, 38.66062],
            [-90.25351, 38.66021]
          ]
        ]
      },
      "properties": {
        "NHD_NAME": "Kingsway East",
        "NHD_NUMTXT": "55 Kingsway East",
        "ANGLE": 0,
        "NHD_NUM_ST": "",
        "NHD_NUM": 55
      }
    },
    {
      "type": "Feature",
      "geometry": {
        "type": "Polygon",
        "coordinates": [
          [
            [-90.26153, 38.66307],
            [-90.25977, 38.66552],
            [-90.25718, 38.66893],
            [-90.25586, 38.67063],
            [-90.25182, 38.67637],
            [-90.25245, 38.67663],
            [-90.25391, 38.67726],
            [-90.25616, 38.67825],
            [-90.25824, 38.67925],
            [-90.26771, 38.66577],
            [-90.26568, 38.66468],
            [-90.26489, 38.6643],
            [-90.26153, 38.66307]
          ]
        ]
      },
      "properties": {
        "NHD_NAME": "Kingsway West",
        "NHD_NUMTXT": "52 Kingsway West",
        "ANGLE": 0,
        "NHD_NUM_ST": "",
        "NHD_NUM": 52
      }
    },
    {
      "type": "Feature",
      "geometry": {
        "type": "Polygon",
        "coordinates": [
          [
            [-90.25113, 38.54804],
            [-90.25189, 38.54852],
            [-90.25367, 38.54971],
            [-90.25464, 38.55034],
            [-90.25546, 38.54962],
            [-90.25928, 38.55216],
            [-90.25891, 38.55248],
            [-90.25914, 38.55261],
            [-90.261, 38.55358],
            [-90.26299, 38.55181],
            [-90.2671, 38.54824],
            [-90.2678, 38.54757],
            [-90.26792, 38.54752],
            [-90.27031, 38.54574],
            [-90.27082, 38.54535],
            [-90.27155, 38.54481],
            [-90.27154, 38.54478],
            [-90.27165, 38.54451],
            [-90.27112, 38.54304],
            [-90.2711, 38.543],
            [-90.27049, 38.54165],
            [-90.27051, 38.54163],
            [-90.27136, 38.54007],
            [-90.27136, 38.53921],
            [-90.27102, 38.53863],
            [-90.271, 38.5386],
            [-90.27083, 38.53848],
            [-90.26911, 38.53768],
            [-90.26847, 38.53698],
            [-90.26809, 38.53573],
            [-90.26692, 38.53424],
            [-90.26533, 38.53373],
            [-90.26435, 38.53373],
            [-90.26371, 38.53383],
            [-90.26346, 38.53392],
            [-90.26309, 38.53405],
            [-90.26308, 38.53405],
            [-90.2626, 38.53421],
            [-90.26141, 38.53343],
            [-90.26022, 38.53298],
            [-90.25702, 38.53747],
            [-90.25299, 38.54326],
            [-90.25183, 38.54719],
            [-90.25113, 38.54804]
          ]
        ]
      },
      "properties": {
        "NHD_NAME": "Patch",
        "NHD_NUMTXT": "2 Patch",
        "ANGLE": 0,
        "NHD_NUM_ST": "",
        "NHD_NUM": 2
      }
    },
    {
      "type": "Feature",
      "geometry": {
        "type": "Polygon",
        "coordinates": [
          [
            [-90.25965, 38.56245],
            [-90.26172, 38.56344],
            [-90.2652, 38.56529],
            [-90.26979, 38.56768],
            [-90.273, 38.5639],
            [-90.26231, 38.55835],
            [-90.25934, 38.55679],
            [-90.25924, 38.55674],
            [-90.25907, 38.55699],
            [-90.25893, 38.55718],
            [-90.25877, 38.55741],
            [-90.25868, 38.55752],
            [-90.25859, 38.55764],
            [-90.25849, 38.55775],
            [-90.2584, 38.55786],
            [-90.25831, 38.55797],
            [-90.25821, 38.55807],
            [-90.25812, 38.55816],
            [-90.25803, 38.55826],
            [-90.25793, 38.55835],
            [-90.25783, 38.55844],
            [-90.25772, 38.55854],
            [-90.2576, 38.55865],
            [-90.25747, 38.55877],
            [-90.25732, 38.55889],
            [-90.25717, 38.55901],
            [-90.257, 38.55914],
            [-90.25684, 38.55926],
            [-90.25667, 38.55938],
            [-90.25649, 38.5595],
            [-90.25632, 38.55961],
            [-90.25615, 38.55972],
            [-90.256, 38.55981],
            [-90.25586, 38.55989],
            [-90.25574, 38.55996],
            [-90.25564, 38.56001],
            [-90.25555, 38.56006],
            [-90.25546, 38.5601],
            [-90.25539, 38.56014],
            [-90.25531, 38.56018],
            [-90.25525, 38.56021],
            [-90.25545, 38.56031],
            [-90.25869, 38.562],
            [-90.25911, 38.56222],
            [-90.25949, 38.5624],
            [-90.25959, 38.56244],
            [-90.25965, 38.56245]
          ]
        ]
      },
      "properties": {
        "NHD_NAME": "Carondelet Park",
        "NHD_NUMTXT": "80 Carondelet Park",
        "ANGLE": 0,
        "NHD_NUM_ST": "",
        "NHD_NUM": 80
      }
    },
    {
      "type": "Feature",
      "geometry": {
        "type": "Polygon",
        "coordinates": [
          [
            [-90.25113, 38.54804],
            [-90.23982, 38.56188],
            [-90.23846, 38.56361],
            [-90.24014, 38.56448],
            [-90.24139, 38.56513],
            [-90.2421, 38.56553],
            [-90.24418, 38.5666],
            [-90.24535, 38.56719],
            [-90.24507, 38.56802],
            [-90.25184, 38.57156],
            [-90.25965, 38.56245],
            [-90.25959, 38.56244],
            [-90.25949, 38.5624],
            [-90.25911, 38.56222],
            [-90.25869, 38.562],
            [-90.25545, 38.56031],
            [-90.25525, 38.56021],
            [-90.25531, 38.56018],
            [-90.25539, 38.56014],
            [-90.25546, 38.5601],
            [-90.25555, 38.56006],
            [-90.25564, 38.56001],
            [-90.25574, 38.55996],
            [-90.25586, 38.55989],
            [-90.256, 38.55981],
            [-90.25615, 38.55972],
            [-90.25632, 38.55961],
            [-90.25649, 38.5595],
            [-90.25667, 38.55938],
            [-90.25684, 38.55926],
            [-90.257, 38.55914],
            [-90.25717, 38.55901],
            [-90.25732, 38.55889],
            [-90.25747, 38.55877],
            [-90.2576, 38.55865],
            [-90.25772, 38.55854],
            [-90.25783, 38.55844],
            [-90.25793, 38.55835],
            [-90.25803, 38.55826],
            [-90.25812, 38.55816],
            [-90.25821, 38.55807],
            [-90.25831, 38.55797],
            [-90.2584, 38.55786],
            [-90.25849, 38.55775],
            [-90.25859, 38.55764],
            [-90.25868, 38.55752],
            [-90.25877, 38.55741],
            [-90.25893, 38.55718],
            [-90.25907, 38.55699],
            [-90.25924, 38.55674],
            [-90.25934, 38.55679],
            [-90.26231, 38.55835],
            [-90.26377, 38.55706],
            [-90.26526, 38.55578],
            [-90.26751, 38.55388],
            [-90.26811, 38.55337],
            [-90.27083, 38.55313],
            [-90.27155, 38.5487],
            [-90.27225, 38.54864],
            [-90.2727, 38.5486],
            [-90.27237, 38.54844],
            [-90.27228, 38.54818],
            [-90.27222, 38.54767],
            [-90.27221, 38.54765],
            [-90.27224, 38.54696],
            [-90.27222, 38.54691],
            [-90.27178, 38.54578],
            [-90.27155, 38.54481],
            [-90.27082, 38.54535],
            [-90.27031, 38.54574],
            [-90.26792, 38.54752],
            [-90.2678, 38.54757],
            [-90.2671, 38.54824],
            [-90.26299, 38.55181],
            [-90.261, 38.55358],
            [-90.25914, 38.55261],
            [-90.25891, 38.55248],
            [-90.25928, 38.55216],
            [-90.25546, 38.54962],
            [-90.25464, 38.55034],
            [-90.25367, 38.54971],
            [-90.25189, 38.54852],
            [-90.25113, 38.54804]
          ]
        ]
      },
      "properties": {
        "NHD_NAME": "Carondelet",
        "NHD_NUMTXT": "1 Carondelet",
        "ANGLE": 0,
        "NHD_NUM_ST": "",
        "NHD_NUM": 1
      }
    },
    {
      "type": "Feature",
      "geometry": {
        "type": "Polygon",
        "coordinates": [
          [
            [-90.25965, 38.56245],
            [-90.25184, 38.57156],
            [-90.25607, 38.5738],
            [-90.25613, 38.57373],
            [-90.25665, 38.574],
            [-90.25704, 38.57327],
            [-90.25729, 38.57279],
            [-90.2584, 38.57068],
            [-90.25902, 38.57102],
            [-90.26419, 38.57375],
            [-90.26673, 38.57052],
            [-90.26679, 38.57043],
            [-90.26746, 38.56981],
            [-90.26771, 38.56995],
            [-90.26842, 38.56935],
            [-90.26858, 38.56919],
            [-90.26971, 38.56785],
            [-90.26976, 38.56779],
            [-90.26979, 38.56768],
            [-90.2652, 38.56529],
            [-90.26172, 38.56344],
            [-90.25965, 38.56245]
          ]
        ]
      },
      "properties": {
        "NHD_NAME": "Holly Hills",
        "NHD_NUMTXT": "3 Holly Hills",
        "ANGLE": 0,
        "NHD_NUM_ST": "",
        "NHD_NUM": 3
      }
    },
    {
      "type": "Feature",
      "geometry": {
        "type": "Polygon",
        "coordinates": [
          [
            [-90.26979, 38.56768],
            [-90.26976, 38.56779],
            [-90.26988, 38.56773],
            [-90.27733, 38.57164],
            [-90.27739, 38.57174],
            [-90.2754, 38.57395],
            [-90.27715, 38.57587],
            [-90.27966, 38.57435],
            [-90.28213, 38.57283],
            [-90.2838, 38.57134],
            [-90.28587, 38.56941],
            [-90.28654, 38.56887],
            [-90.28916, 38.5673],
            [-90.29417, 38.56431],
            [-90.29588, 38.56314],
            [-90.29651, 38.56273],
            [-90.297, 38.56241],
            [-90.29693, 38.56233],
            [-90.29409, 38.56023],
            [-90.29242, 38.55903],
            [-90.29008, 38.55727],
            [-90.28972, 38.557],
            [-90.28713, 38.55548],
            [-90.28402, 38.55405],
            [-90.28156, 38.55273],
            [-90.28091, 38.55237],
            [-90.28013, 38.55195],
            [-90.27799, 38.55055],
            [-90.27413, 38.54933],
            [-90.2727, 38.5486],
            [-90.27225, 38.54864],
            [-90.27155, 38.5487],
            [-90.27083, 38.55313],
            [-90.26811, 38.55337],
            [-90.26751, 38.55388],
            [-90.26526, 38.55578],
            [-90.26377, 38.55706],
            [-90.26231, 38.55835],
            [-90.273, 38.5639],
            [-90.26979, 38.56768]
          ]
        ]
      },
      "properties": {
        "NHD_NAME": "Boulevard Heights",
        "NHD_NUMTXT": "4 Boulevard Heights",
        "ANGLE": 0,
        "NHD_NUM_ST": "",
        "NHD_NUM": 4
      }
    },
    {
      "type": "Feature",
      "geometry": {
        "type": "Polygon",
        "coordinates": [
          [
            [-90.23846, 38.56361],
            [-90.23556, 38.5673],
            [-90.23279, 38.5709],
            [-90.22952, 38.57397],
            [-90.22486, 38.57711],
            [-90.22844, 38.57896],
            [-90.2398, 38.58039],
            [-90.24208, 38.56971],
            [-90.2421, 38.56967],
            [-90.24222, 38.56942],
            [-90.24418, 38.5666],
            [-90.2421, 38.56553],
            [-90.24139, 38.56513],
            [-90.24014, 38.56448],
            [-90.23846, 38.56361]
          ]
        ]
      },
      "properties": {
        "NHD_NAME": "Mount Pleasant",
        "NHD_NUMTXT": "17 Mount Pleasant",
        "ANGLE": 0,
        "NHD_NUM_ST": "",
        "NHD_NUM": 17
      }
    },
    {
      "type": "Feature",
      "geometry": {
        "type": "Polygon",
        "coordinates": [
          [
            [-90.27711, 38.57592],
            [-90.27577, 38.57671],
            [-90.27578, 38.57884],
            [-90.27578, 38.57977],
            [-90.27584, 38.58032],
            [-90.27594, 38.5807],
            [-90.27603, 38.58096],
            [-90.27625, 38.58149],
            [-90.27641, 38.58189],
            [-90.27654, 38.58221],
            [-90.2766, 38.58257],
            [-90.27661, 38.58273],
            [-90.27665, 38.58331],
            [-90.27664, 38.58384],
            [-90.2766, 38.58393],
            [-90.27661, 38.58461],
            [-90.27662, 38.58476],
            [-90.2766, 38.58504],
            [-90.2766264, 38.585198399999996],
            [-90.27663, 38.58522],
            [-90.27679, 38.58494],
            [-90.27686, 38.58479],
            [-90.27691, 38.58468],
            [-90.27697, 38.5846],
            [-90.27706, 38.58446],
            [-90.27709, 38.58437],
            [-90.27707, 38.5843],
            [-90.27887, 38.58098],
            [-90.29183, 38.58233],
            [-90.29204, 38.58232],
            [-90.29331795561532, 38.58209214744843],
            [-90.29332, 38.58208],
            [-90.29477, 38.57409],
            [-90.29488, 38.57355],
            [-90.295, 38.57318],
            [-90.29523, 38.57273],
            [-90.2958, 38.57188],
            [-90.29599, 38.57109],
            [-90.29617, 38.56999],
            [-90.29618248407644, 38.569997579617834],
            [-90.29624, 38.56971],
            [-90.29628, 38.56941],
            [-90.29629, 38.56889],
            [-90.29625, 38.56859],
            [-90.29617, 38.5683],
            [-90.29606, 38.56805],
            [-90.29587, 38.56766],
            [-90.29586, 38.56764],
            [-90.29557, 38.56706],
            [-90.29556, 38.56704],
            [-90.29549, 38.5669],
            [-90.29528, 38.56646],
            [-90.29512, 38.56615],
            [-90.29501, 38.5659],
            [-90.29500148648648, 38.56588337837838],
            [-90.2948, 38.56549],
            [-90.29479818181818, 38.565485974025975],
            [-90.29466, 38.56518],
            [-90.29444, 38.56471],
            [-90.29443571428571, 38.56470220779221],
            [-90.29441, 38.56465545454545],
            [-90.29433, 38.56451],
            [-90.29429, 38.564452857142854],
            [-90.29426, 38.56441],
            [-90.29418, 38.56433],
            [-90.28917, 38.56732],
            [-90.28655, 38.56889],
            [-90.28588, 38.56942],
            [-90.28381, 38.57136],
            [-90.28214, 38.57285],
            [-90.27967, 38.57437],
            [-90.27716, 38.57589],
            [-90.27711, 38.57592]
          ]
        ]
      },
      "properties": {
        "NHD_NAME": "Princeton Heights",
        "NHD_NUMTXT": "6 Princeton Heights",
        "ANGLE": 0,
        "NHD_NUM_ST": "",
        "NHD_NUM": 6
      }
    },
    {
      "type": "Feature",
      "geometry": {
        "type": "MultiPolygon",
        "coordinates": [
          [
            [
              [-90.29618248407644, 38.569997579617834],
              [-90.29617, 38.56999],
              [-90.29599, 38.57109],
              [-90.2958, 38.57188],
              [-90.29523, 38.57273],
              [-90.295, 38.57318],
              [-90.29488, 38.57355],
              [-90.29477, 38.57409],
              [-90.29332, 38.58208],
              [-90.29331795561532, 38.58209214744843],
              [-90.29246, 38.58719],
              [-90.29267, 38.58748],
              [-90.29279, 38.58762],
              [-90.29289, 38.58772],
              [-90.2931, 38.58785],
              [-90.29362, 38.58816],
              [-90.29377, 38.58828],
              [-90.29391, 38.58843],
              [-90.29408, 38.58863],
              [-90.29422, 38.58885],
              [-90.29432, 38.58907],
              [-90.29436, 38.58922],
              [-90.29441, 38.58948],
              [-90.29444, 38.58979],
              [-90.29454, 38.59069],
              [-90.29455, 38.59159],
              [-90.29449, 38.59238],
              [-90.29438, 38.59298],
              [-90.29426, 38.59341],
              [-90.29782, 38.59376],
              [-90.29827, 38.59381],
              [-90.29845, 38.5938],
              [-90.29881, 38.59377],
              [-90.29915, 38.59371],
              [-90.29945, 38.5936],
              [-90.30018, 38.59326],
              [-90.3118, 38.58771],
              [-90.31249, 38.58736],
              [-90.31307, 38.58699],
              [-90.3125, 38.58665],
              [-90.31212, 38.58632],
              [-90.31174, 38.58588],
              [-90.31133, 38.58528],
              [-90.31094, 38.58449],
              [-90.31077, 38.58384],
              [-90.31066, 38.58331],
              [-90.3106, 38.58314],
              [-90.31036, 38.58303],
              [-90.31014, 38.58294],
              [-90.30994, 38.58279],
              [-90.30977, 38.58249],
              [-90.30952, 38.58095],
              [-90.30946, 38.58071],
              [-90.30947, 38.58055],
              [-90.30958, 38.58024],
              [-90.30979, 38.57999],
              [-90.3096, 38.57998],
              [-90.30937, 38.57946],
              [-90.30897, 38.57943],
              [-90.30876, 38.57937],
              [-90.30854, 38.57881],
              [-90.30863, 38.57842],
              [-90.30859, 38.57818],
              [-90.30859, 38.57805],
              [-90.30863, 38.57795],
              [-90.30781, 38.57619],
              [-90.30722, 38.57641],
              [-90.30672, 38.57641],
              [-90.30614, 38.57624],
              [-90.30577, 38.57528],
              [-90.30572, 38.57517],
              [-90.30246, 38.57481],
              [-90.30225, 38.57437],
              [-90.30195, 38.57391],
              [-90.30164, 38.57351],
              [-90.3014, 38.57323],
              [-90.30066, 38.57258],
              [-90.30011, 38.57221],
              [-90.29911, 38.57167],
              [-90.29701, 38.5705],
              [-90.29618248407644, 38.569997579617834]
            ]
          ],
          [
            [
              [-90.31039, 38.57566],
              [-90.30909, 38.57553],
              [-90.30909, 38.57558],
              [-90.30906, 38.57593],
              [-90.30948, 38.57664],
              [-90.31032, 38.57771],
              [-90.31041, 38.57782],
              [-90.3107, 38.57814],
              [-90.31106, 38.57843],
              [-90.31254, 38.57935],
              [-90.3127, 38.57942],
              [-90.3127, 38.57984],
              [-90.31266, 38.58006],
              [-90.3126, 38.58045],
              [-90.3126, 38.58054],
              [-90.31264, 38.58121],
              [-90.31265, 38.58155],
              [-90.31268, 38.58178],
              [-90.31293, 38.5832],
              [-90.31305, 38.58359],
              [-90.31357, 38.58457],
              [-90.31372, 38.58478],
              [-90.31406, 38.58523],
              [-90.31422, 38.5854],
              [-90.31462, 38.58574],
              [-90.31472, 38.58582],
              [-90.3159, 38.58497],
              [-90.31624, 38.58472],
              [-90.31408, 38.57989],
              [-90.31358, 38.57878],
              [-90.31039, 38.57566]
            ]
          ]
        ]
      },
      "properties": {
        "NHD_NAME": "St. Louis Hills",
        "NHD_NUMTXT": "8 St. Louis Hills",
        "ANGLE": 0,
        "NHD_NUM_ST": "",
        "NHD_NUM": 8
      }
    },
    {
      "type": "Feature",
      "geometry": {
        "type": "Polygon",
        "coordinates": [
          [
            [-90.29417, 38.56431],
            [-90.29425, 38.56439],
            [-90.29429, 38.564452857142854],
            [-90.29433, 38.56451],
            [-90.29441, 38.56465545454545],
            [-90.29443, 38.56469],
            [-90.29443571428571, 38.56470220779221],
            [-90.29444, 38.56471],
            [-90.29466, 38.56518],
            [-90.29479818181818, 38.565485974025975],
            [-90.295, 38.56588],
            [-90.29500148648648, 38.56588337837838],
            [-90.29501, 38.5659],
            [-90.29512, 38.56615],
            [-90.29528, 38.56646],
            [-90.29549, 38.5669],
            [-90.29556, 38.56704],
            [-90.29557, 38.56706],
            [-90.29586, 38.56764],
            [-90.29587, 38.56766],
            [-90.29606, 38.56805],
            [-90.29617, 38.5683],
            [-90.29625, 38.56859],
            [-90.29629, 38.56889],
            [-90.29628, 38.56941],
            [-90.29624, 38.56971],
            [-90.29618248407644, 38.569997579617834],
            [-90.29701, 38.5705],
            [-90.29911, 38.57167],
            [-90.30011, 38.57221],
            [-90.30066, 38.57258],
            [-90.3014, 38.57323],
            [-90.30164, 38.57351],
            [-90.30195, 38.57391],
            [-90.30225, 38.57437],
            [-90.30246, 38.57481],
            [-90.30572, 38.57517],
            [-90.30577, 38.57528],
            [-90.30614, 38.57624],
            [-90.30672, 38.57641],
            [-90.30722, 38.57641],
            [-90.30781, 38.57619],
            [-90.30863, 38.57795],
            [-90.30859, 38.57805],
            [-90.30859, 38.57818],
            [-90.30863, 38.57842],
            [-90.30854, 38.57881],
            [-90.30876, 38.57937],
            [-90.30897, 38.57943],
            [-90.30937, 38.57946],
            [-90.3096, 38.57998],
            [-90.30979, 38.57999],
            [-90.30958, 38.58024],
            [-90.30947, 38.58055],
            [-90.30946, 38.58071],
            [-90.30952, 38.58095],
            [-90.30977, 38.58249],
            [-90.30994, 38.58279],
            [-90.31014, 38.58294],
            [-90.31036, 38.58303],
            [-90.3106, 38.58314],
            [-90.31066, 38.58331],
            [-90.31077, 38.58384],
            [-90.31094, 38.58449],
            [-90.31133, 38.58528],
            [-90.31174, 38.58588],
            [-90.31212, 38.58632],
            [-90.3125, 38.58665],
            [-90.31307, 38.58699],
            [-90.31472, 38.58582],
            [-90.31462, 38.58574],
            [-90.31422, 38.5854],
            [-90.31406, 38.58523],
            [-90.31372, 38.58478],
            [-90.31357, 38.58457],
            [-90.31305, 38.58359],
            [-90.31293, 38.5832],
            [-90.31268, 38.58178],
            [-90.31265, 38.58155],
            [-90.31264, 38.58121],
            [-90.3126, 38.58054],
            [-90.3126, 38.58045],
            [-90.31266, 38.58006],
            [-90.3127, 38.57984],
            [-90.3127, 38.57942],
            [-90.31254, 38.57935],
            [-90.31106, 38.57843],
            [-90.3107, 38.57814],
            [-90.31041, 38.57782],
            [-90.31032, 38.57771],
            [-90.30948, 38.57664],
            [-90.30906, 38.57593],
            [-90.30909, 38.57558],
            [-90.30909, 38.57553],
            [-90.31039, 38.57566],
            [-90.30774, 38.57306],
            [-90.3018, 38.56723],
            [-90.30071, 38.56614],
            [-90.297, 38.56241],
            [-90.29651, 38.56273],
            [-90.29588, 38.56314],
            [-90.29417, 38.56431]
          ]
        ]
      },
      "properties": {
        "NHD_NAME": "Willmore Park",
        "NHD_NUMTXT": "88 Willmore Park",
        "ANGLE": 0,
        "NHD_NUM_ST": "",
        "NHD_NUM": 88
      }
    },
    {
      "type": "Feature",
      "geometry": {
        "type": "Polygon",
        "coordinates": [
          [
            [-90.24418, 38.5666],
            [-90.24222, 38.56942],
            [-90.2421, 38.56967],
            [-90.24208, 38.56971],
            [-90.2398, 38.58039],
            [-90.22844, 38.57896],
            [-90.22714, 38.58507],
            [-90.22713, 38.58541],
            [-90.2271, 38.58559],
            [-90.22701, 38.58609],
            [-90.22693, 38.58613],
            [-90.24451, 38.58832],
            [-90.24451, 38.5884],
            [-90.25972, 38.58996],
            [-90.25969, 38.58982],
            [-90.25967, 38.58972],
            [-90.25965, 38.5896],
            [-90.25963, 38.58948],
            [-90.25962, 38.58936],
            [-90.25961, 38.58924],
            [-90.2596, 38.58913],
            [-90.2596, 38.58902],
            [-90.2596, 38.58891],
            [-90.25959, 38.5888],
            [-90.25959, 38.58869],
            [-90.25959, 38.58861],
            [-90.25959, 38.58855],
            [-90.25958, 38.58791],
            [-90.25958, 38.58752],
            [-90.25957, 38.58715],
            [-90.25957, 38.58654],
            [-90.25956, 38.58634],
            [-90.25956, 38.58608],
            [-90.25955, 38.58592],
            [-90.25955, 38.58584],
            [-90.25952, 38.5856],
            [-90.2595, 38.58548],
            [-90.25947, 38.58535],
            [-90.25944, 38.58521],
            [-90.2594, 38.58506],
            [-90.25935, 38.5849],
            [-90.25929, 38.58472],
            [-90.25922, 38.58455],
            [-90.25915, 38.58439],
            [-90.25907, 38.58423],
            [-90.25899, 38.58408],
            [-90.25887, 38.58387],
            [-90.25883, 38.58381],
            [-90.25847, 38.58324],
            [-90.25827, 38.58294],
            [-90.25805, 38.58261],
            [-90.25785, 38.5823],
            [-90.25769, 38.58206],
            [-90.25757, 38.58187],
            [-90.25738, 38.58158],
            [-90.25728, 38.58142],
            [-90.25716, 38.58124],
            [-90.25705, 38.58105],
            [-90.25694, 38.58086],
            [-90.25684, 38.58068],
            [-90.25676, 38.58052],
            [-90.2567, 38.58037],
            [-90.25665, 38.58026],
            [-90.25662, 38.58017],
            [-90.25659, 38.58006],
            [-90.25654, 38.57989],
            [-90.25651, 38.57979],
            [-90.25631, 38.57907],
            [-90.2562, 38.57869],
            [-90.25609, 38.57828],
            [-90.25598, 38.5779],
            [-90.25589, 38.57761],
            [-90.25583, 38.57738],
            [-90.25574, 38.57698],
            [-90.25571, 38.57678],
            [-90.2557, 38.57659],
            [-90.25569, 38.5764],
            [-90.2557, 38.57622],
            [-90.25572, 38.57606],
            [-90.25575, 38.57592],
            [-90.25578, 38.57578],
            [-90.25583, 38.57564],
            [-90.25587, 38.57552],
            [-90.25594, 38.57537],
            [-90.25651, 38.57427],
            [-90.25665, 38.574],
            [-90.25613, 38.57373],
            [-90.25607, 38.5738],
            [-90.25184, 38.57156],
            [-90.24507, 38.56802],
            [-90.24535, 38.56719],
            [-90.24418, 38.5666]
          ]
        ]
      },
      "properties": {
        "NHD_NAME": "Dutchtown",
        "NHD_NUMTXT": "16 Dutchtown",
        "ANGLE": 0,
        "NHD_NUM_ST": "",
        "NHD_NUM": 16
      }
    },
    {
      "type": "Feature",
      "geometry": {
        "type": "Polygon",
        "coordinates": [
          [
            [-90.25665, 38.574],
            [-90.25651, 38.57427],
            [-90.25594, 38.57537],
            [-90.25587, 38.57552],
            [-90.25583, 38.57564],
            [-90.25578, 38.57578],
            [-90.25575, 38.57592],
            [-90.25572, 38.57606],
            [-90.2557, 38.57622],
            [-90.25569, 38.5764],
            [-90.2557, 38.57659],
            [-90.25571, 38.57678],
            [-90.25574, 38.57698],
            [-90.25583, 38.57738],
            [-90.25589, 38.57761],
            [-90.25598, 38.5779],
            [-90.25609, 38.57828],
            [-90.2562, 38.57869],
            [-90.25631, 38.57907],
            [-90.25651, 38.57979],
            [-90.25654, 38.57989],
            [-90.25659, 38.58006],
            [-90.25662, 38.58017],
            [-90.25665, 38.58026],
            [-90.2567, 38.58037],
            [-90.25676, 38.58052],
            [-90.25684, 38.58068],
            [-90.25694, 38.58086],
            [-90.25705, 38.58105],
            [-90.25716, 38.58124],
            [-90.25728, 38.58142],
            [-90.25738, 38.58158],
            [-90.25757, 38.58187],
            [-90.25769, 38.58206],
            [-90.25785, 38.5823],
            [-90.25805, 38.58261],
            [-90.25827, 38.58294],
            [-90.25847, 38.58324],
            [-90.25883, 38.58381],
            [-90.25887, 38.58387],
            [-90.25899, 38.58408],
            [-90.25907, 38.58423],
            [-90.25915, 38.58439],
            [-90.25922, 38.58455],
            [-90.25929, 38.58472],
            [-90.25935, 38.5849],
            [-90.2594, 38.58506],
            [-90.25944, 38.58521],
            [-90.25947, 38.58535],
            [-90.2595, 38.58548],
            [-90.25952, 38.5856],
            [-90.25955, 38.58584],
            [-90.25955, 38.58592],
            [-90.25956, 38.58608],
            [-90.25956, 38.58634],
            [-90.25957, 38.58654],
            [-90.25957, 38.58715],
            [-90.25958, 38.58752],
            [-90.25958, 38.58791],
            [-90.25959, 38.58855],
            [-90.25959, 38.58861],
            [-90.25959, 38.58869],
            [-90.25959, 38.5888],
            [-90.2596, 38.58891],
            [-90.2596, 38.58902],
            [-90.2596, 38.58913],
            [-90.25961, 38.58924],
            [-90.25962, 38.58936],
            [-90.25963, 38.58948],
            [-90.25965, 38.5896],
            [-90.25967, 38.58972],
            [-90.25969, 38.58982],
            [-90.25972, 38.58996],
            [-90.26162, 38.59015],
            [-90.26173, 38.59017],
            [-90.26193, 38.59022],
            [-90.26404, 38.59044],
            [-90.26978, 38.59108],
            [-90.27309, 38.59145],
            [-90.2733, 38.5915],
            [-90.27333, 38.59146],
            [-90.27616, 38.58737],
            [-90.27624, 38.58726],
            [-90.27627, 38.58718],
            [-90.27662, 38.58521],
            [-90.27659, 38.58502],
            [-90.27661, 38.58475],
            [-90.2766, 38.58459],
            [-90.27659, 38.58391],
            [-90.27663, 38.58382],
            [-90.27664, 38.5833],
            [-90.2766, 38.58271],
            [-90.27659, 38.58256],
            [-90.27653, 38.5822],
            [-90.2764, 38.58187],
            [-90.27624, 38.58147],
            [-90.27602, 38.58094],
            [-90.27593, 38.58068],
            [-90.27583, 38.5803],
            [-90.27577, 38.57975],
            [-90.27577, 38.57882],
            [-90.27576, 38.57669],
            [-90.2771, 38.5759],
            [-90.27715, 38.57587],
            [-90.2754, 38.57395],
            [-90.27739, 38.57174],
            [-90.27733, 38.57164],
            [-90.26988, 38.56773],
            [-90.26976, 38.56779],
            [-90.26971, 38.56785],
            [-90.26858, 38.56919],
            [-90.26842, 38.56935],
            [-90.26771, 38.56995],
            [-90.26746, 38.56981],
            [-90.26679, 38.57043],
            [-90.26673, 38.57052],
            [-90.26419, 38.57375],
            [-90.25902, 38.57102],
            [-90.2584, 38.57068],
            [-90.25729, 38.57279],
            [-90.25704, 38.57327],
            [-90.25665, 38.574]
          ]
        ]
      },
      "properties": {
        "NHD_NAME": "Bevo Mill",
        "NHD_NUMTXT": "5 Bevo Mill",
        "ANGLE": 0,
        "NHD_NUM_ST": "",
        "NHD_NUM": 5
      }
    },
    {
      "type": "Feature",
      "geometry": {
        "type": "Polygon",
        "coordinates": [
          [
            [-90.2766264, 38.585198399999996],
            [-90.27662, 38.58521],
            [-90.27627, 38.58718],
            [-90.27624, 38.58726],
            [-90.27616, 38.58737],
            [-90.27333, 38.59146],
            [-90.27388, 38.59153],
            [-90.27398, 38.59154],
            [-90.27418, 38.59157],
            [-90.27434, 38.59156],
            [-90.2745, 38.59154],
            [-90.27478, 38.59149],
            [-90.27512, 38.59146],
            [-90.27551, 38.59146],
            [-90.27655, 38.59155],
            [-90.2793, 38.59185],
            [-90.29426, 38.59341],
            [-90.29438, 38.59298],
            [-90.29449, 38.59238],
            [-90.29455, 38.59159],
            [-90.29454, 38.59069],
            [-90.29444, 38.58979],
            [-90.29441, 38.58948],
            [-90.29436, 38.58922],
            [-90.29432, 38.58907],
            [-90.29422, 38.58885],
            [-90.29408, 38.58863],
            [-90.29391, 38.58843],
            [-90.29377, 38.58828],
            [-90.29362, 38.58816],
            [-90.2931, 38.58785],
            [-90.29289, 38.58772],
            [-90.29279, 38.58762],
            [-90.29267, 38.58748],
            [-90.29246, 38.58719],
            [-90.29331795561532, 38.58209214744843],
            [-90.29204, 38.58232],
            [-90.29183, 38.58233],
            [-90.27887, 38.58098],
            [-90.27707, 38.5843],
            [-90.27709, 38.58437],
            [-90.27706, 38.58446],
            [-90.27697, 38.5846],
            [-90.27691, 38.58468],
            [-90.27686, 38.58479],
            [-90.27679, 38.58494],
            [-90.27663, 38.58522],
            [-90.2766264, 38.585198399999996]
          ]
        ]
      },
      "properties": {
        "NHD_NAME": "Southampton",
        "NHD_NUMTXT": "7 Southampton",
        "ANGLE": 0,
        "NHD_NUM_ST": "",
        "NHD_NUM": 7
      }
    },
    {
      "type": "Feature",
      "geometry": {
        "type": "Polygon",
        "coordinates": [
          [
            [-90.22486, 38.57711],
            [-90.20978, 38.58725],
            [-90.21195, 38.58923],
            [-90.21377, 38.59094],
            [-90.2145, 38.59163],
            [-90.21493, 38.59139],
            [-90.21565, 38.592],
            [-90.21583, 38.59207],
            [-90.22546, 38.59329],
            [-90.22693, 38.58613],
            [-90.22701, 38.58609],
            [-90.2271, 38.58559],
            [-90.22713, 38.58541],
            [-90.22714, 38.58507],
            [-90.22844, 38.57896],
            [-90.22486, 38.57711]
          ]
        ]
      },
      "properties": {
        "NHD_NAME": "Marine Villa",
        "NHD_NUMTXT": "18 Marine Villa",
        "ANGLE": 0,
        "NHD_NUM_ST": "",
        "NHD_NUM": 18
      }
    },
    {
      "type": "Feature",
      "geometry": {
        "type": "Polygon",
        "coordinates": [
          [
            [-90.22693, 38.58613],
            [-90.22546, 38.59329],
            [-90.23687, 38.59473],
            [-90.23724, 38.59292],
            [-90.23953, 38.5932],
            [-90.24066, 38.59333],
            [-90.24105, 38.59338],
            [-90.24141, 38.59344],
            [-90.24159, 38.59348],
            [-90.24181, 38.59354],
            [-90.24192, 38.59358],
            [-90.24241, 38.59365],
            [-90.2432, 38.59294],
            [-90.24384, 38.59246],
            [-90.24392, 38.59193],
            [-90.24451, 38.5884],
            [-90.24451, 38.58832],
            [-90.22693, 38.58613]
          ]
        ]
      },
      "properties": {
        "NHD_NAME": "Gravois Park",
        "NHD_NUMTXT": "19 Gravois Park",
        "ANGLE": 0,
        "NHD_NUM_ST": "",
        "NHD_NUM": 19
      }
    },
    {
      "type": "Feature",
      "geometry": {
        "type": "Polygon",
        "coordinates": [
          [
            [-90.2733, 38.5915],
            [-90.27156, 38.59398],
            [-90.27138, 38.59428],
            [-90.27134, 38.59443],
            [-90.27123, 38.59486],
            [-90.26971, 38.60235],
            [-90.27631, 38.60303],
            [-90.28156, 38.60366],
            [-90.28168, 38.60364],
            [-90.28503, 38.60398],
            [-90.28835, 38.60432],
            [-90.28835, 38.60428],
            [-90.29096, 38.60455],
            [-90.29099, 38.60451],
            [-90.2912, 38.60421],
            [-90.2914, 38.60386],
            [-90.29151, 38.60363],
            [-90.29167, 38.60315],
            [-90.29177, 38.60276],
            [-90.29191, 38.60203],
            [-90.29268, 38.59759],
            [-90.29281, 38.59672],
            [-90.29293, 38.59624],
            [-90.29309, 38.59589],
            [-90.29353, 38.59508],
            [-90.29373, 38.59474],
            [-90.29395, 38.5943],
            [-90.29411, 38.59388],
            [-90.29426, 38.59341],
            [-90.2793, 38.59185],
            [-90.27655, 38.59155],
            [-90.27551, 38.59146],
            [-90.27512, 38.59146],
            [-90.27478, 38.59149],
            [-90.2745, 38.59154],
            [-90.27434, 38.59156],
            [-90.27418, 38.59157],
            [-90.27398, 38.59154],
            [-90.27388, 38.59153],
            [-90.27333, 38.59146],
            [-90.2733, 38.5915]
          ]
        ]
      },
      "properties": {
        "NHD_NAME": "North Hampton",
        "NHD_NUMTXT": "14 North Hampton",
        "ANGLE": 0,
        "NHD_NUM_ST": "",
        "NHD_NUM": 14
      }
    },
    {
      "type": "Feature",
      "geometry": {
        "type": "Polygon",
        "coordinates": [
          [
            [-90.22546, 38.59329],
            [-90.22428, 38.59893],
            [-90.22419, 38.59937],
            [-90.223, 38.60494],
            [-90.22434, 38.60435],
            [-90.23073, 38.60163],
            [-90.23188, 38.60114],
            [-90.23208, 38.60103],
            [-90.23254, 38.60075],
            [-90.23338, 38.60021],
            [-90.23393, 38.59987],
            [-90.23474, 38.59932],
            [-90.23612, 38.5983],
            [-90.23753, 38.59722],
            [-90.24054, 38.59519],
            [-90.24126, 38.59469],
            [-90.24241, 38.59365],
            [-90.24192, 38.59358],
            [-90.24181, 38.59354],
            [-90.24159, 38.59348],
            [-90.24141, 38.59344],
            [-90.24105, 38.59338],
            [-90.24066, 38.59333],
            [-90.23953, 38.5932],
            [-90.23724, 38.59292],
            [-90.23687, 38.59473],
            [-90.22546, 38.59329]
          ]
        ]
      },
      "properties": {
        "NHD_NAME": "Benton Park West",
        "NHD_NUMTXT": "30 Benton Park West",
        "ANGLE": 0,
        "NHD_NUM_ST": "",
        "NHD_NUM": 30
      }
    },
    {
      "type": "Feature",
      "geometry": {
        "type": "Polygon",
        "coordinates": [
          [
            [-90.24451, 38.5884],
            [-90.24392, 38.59193],
            [-90.24384, 38.59246],
            [-90.24364, 38.59381],
            [-90.24228, 38.60269],
            [-90.24229, 38.60283],
            [-90.2589, 38.60441],
            [-90.26571, 38.60505],
            [-90.26651, 38.60513],
            [-90.26668, 38.60514],
            [-90.26691, 38.60514],
            [-90.26798, 38.60507],
            [-90.26873, 38.60505],
            [-90.26922, 38.60507],
            [-90.26971, 38.60235],
            [-90.27123, 38.59486],
            [-90.27134, 38.59443],
            [-90.27138, 38.59428],
            [-90.27156, 38.59398],
            [-90.2733, 38.5915],
            [-90.27309, 38.59145],
            [-90.26978, 38.59108],
            [-90.26404, 38.59044],
            [-90.26193, 38.59022],
            [-90.26173, 38.59017],
            [-90.26162, 38.59015],
            [-90.25972, 38.58996],
            [-90.24451, 38.5884]
          ]
        ]
      },
      "properties": {
        "NHD_NAME": "Tower Grove South",
        "NHD_NUMTXT": "15 Tower Grove South",
        "ANGLE": 0,
        "NHD_NUM_ST": "",
        "NHD_NUM": 15
      }
    },
    {
      "type": "Feature",
      "geometry": {
        "type": "Polygon",
        "coordinates": [
          [
            [-90.29426, 38.59341],
            [-90.29411, 38.59388],
            [-90.29395, 38.5943],
            [-90.29373, 38.59474],
            [-90.29353, 38.59508],
            [-90.29309, 38.59589],
            [-90.29293, 38.59624],
            [-90.29281, 38.59672],
            [-90.29268, 38.59759],
            [-90.29191, 38.60203],
            [-90.29177, 38.60276],
            [-90.29167, 38.60315],
            [-90.29151, 38.60363],
            [-90.2914, 38.60386],
            [-90.2912, 38.60421],
            [-90.29099, 38.60451],
            [-90.29096, 38.60455],
            [-90.29081, 38.60474],
            [-90.29054, 38.60504],
            [-90.29024, 38.60536],
            [-90.28914, 38.60668],
            [-90.28894, 38.60699],
            [-90.30427, 38.60852],
            [-90.30428, 38.60851],
            [-90.30449, 38.60822],
            [-90.30481, 38.60784],
            [-90.30504, 38.60762],
            [-90.30538, 38.60731],
            [-90.30563, 38.60713],
            [-90.30624, 38.60669],
            [-90.30677, 38.60632],
            [-90.30737, 38.60591],
            [-90.30781, 38.60559],
            [-90.30903, 38.60474],
            [-90.30948, 38.60439],
            [-90.3101, 38.60386],
            [-90.31049, 38.60347],
            [-90.31101, 38.60294],
            [-90.31152, 38.60235],
            [-90.31209, 38.60175],
            [-90.3127, 38.60122],
            [-90.31331, 38.60083],
            [-90.31395, 38.60049],
            [-90.31526, 38.59998],
            [-90.31554, 38.59987],
            [-90.31619, 38.59962],
            [-90.31672, 38.59941],
            [-90.31732, 38.59914],
            [-90.31775, 38.59892],
            [-90.31822, 38.59864],
            [-90.31884, 38.59822],
            [-90.31889, 38.59819],
            [-90.32049, 38.5942],
            [-90.32024, 38.59363],
            [-90.31624, 38.58472],
            [-90.3159, 38.58497],
            [-90.31472, 38.58582],
            [-90.31307, 38.58699],
            [-90.31249, 38.58736],
            [-90.3118, 38.58771],
            [-90.30018, 38.59326],
            [-90.29945, 38.5936],
            [-90.29915, 38.59371],
            [-90.29881, 38.59377],
            [-90.29845, 38.5938],
            [-90.29827, 38.59381],
            [-90.29782, 38.59376],
            [-90.29426, 38.59341]
          ]
        ]
      },
      "properties": {
        "NHD_NAME": "Lindenwood Park",
        "NHD_NUMTXT": "9 Lindenwood Park",
        "ANGLE": 0,
        "NHD_NUM_ST": "",
        "NHD_NUM": 9
      }
    },
    {
      "type": "Feature",
      "geometry": {
        "type": "Polygon",
        "coordinates": [
          [
            [-90.2145, 38.59163],
            [-90.21435, 38.5917],
            [-90.21446, 38.59194],
            [-90.21455, 38.5921],
            [-90.21468, 38.59232],
            [-90.21484, 38.59259],
            [-90.21502, 38.59289],
            [-90.21518, 38.59315],
            [-90.21528, 38.59331],
            [-90.21544, 38.59356],
            [-90.21551, 38.59367],
            [-90.21559, 38.5938],
            [-90.21572, 38.59406],
            [-90.2158, 38.59424],
            [-90.21587, 38.59442],
            [-90.21594, 38.5946],
            [-90.21602, 38.59486],
            [-90.2161, 38.59517],
            [-90.21614, 38.5954],
            [-90.21617, 38.59567],
            [-90.21619, 38.59588],
            [-90.21619, 38.59623],
            [-90.21618, 38.59639],
            [-90.21616, 38.5966],
            [-90.21616, 38.59665],
            [-90.21613, 38.59675],
            [-90.21596, 38.59747],
            [-90.21583, 38.59803],
            [-90.21572, 38.59854],
            [-90.21565, 38.59882],
            [-90.21465, 38.60272],
            [-90.21461, 38.60289],
            [-90.21397, 38.60534],
            [-90.21376, 38.60596],
            [-90.21344, 38.60669],
            [-90.21261, 38.6083],
            [-90.21255576650944, 38.60837833726414],
            [-90.21418, 38.60791],
            [-90.21468, 38.60777],
            [-90.21542, 38.60757],
            [-90.21637, 38.60728],
            [-90.21734, 38.60697],
            [-90.21921, 38.60653],
            [-90.21986, 38.60638],
            [-90.22011, 38.60632],
            [-90.22041, 38.6062],
            [-90.22081, 38.60603],
            [-90.22272, 38.60506],
            [-90.223, 38.60494],
            [-90.22419, 38.59937],
            [-90.22428, 38.59893],
            [-90.22546, 38.59329],
            [-90.21583, 38.59207],
            [-90.21565, 38.592],
            [-90.21493, 38.59139],
            [-90.2145, 38.59163]
          ]
        ]
      },
      "properties": {
        "NHD_NAME": "Benton Park",
        "NHD_NUMTXT": "22 Benton Park",
        "ANGLE": 0,
        "NHD_NUM_ST": "",
        "NHD_NUM": 22
      }
    },
    {
      "type": "Feature",
      "geometry": {
        "type": "Polygon",
        "coordinates": [
          [
            [-90.24229, 38.60283],
            [-90.2423, 38.60291],
            [-90.24143, 38.60721],
            [-90.25792, 38.60878],
            [-90.26296, 38.60926],
            [-90.26826, 38.60976],
            [-90.26913, 38.60558],
            [-90.26922, 38.60507],
            [-90.26873, 38.60505],
            [-90.26798, 38.60507],
            [-90.26691, 38.60514],
            [-90.26668, 38.60514],
            [-90.26651, 38.60513],
            [-90.26571, 38.60505],
            [-90.2589, 38.60441],
            [-90.24229, 38.60283]
          ]
        ]
      },
      "properties": {
        "NHD_NAME": "Tower Grove Park",
        "NHD_NUMTXT": "81 Tower Grove Park",
        "ANGLE": 0,
        "NHD_NUM_ST": "",
        "NHD_NUM": 81
      }
    },
    {
      "type": "Feature",
      "geometry": {
        "type": "Polygon",
        "coordinates": [
          [
            [-90.24241, 38.59365],
            [-90.24126, 38.59469],
            [-90.24054, 38.59519],
            [-90.23753, 38.59722],
            [-90.23612, 38.5983],
            [-90.23474, 38.59932],
            [-90.23393, 38.59987],
            [-90.23338, 38.60021],
            [-90.23254, 38.60075],
            [-90.23208, 38.60103],
            [-90.23188, 38.60114],
            [-90.23073, 38.60163],
            [-90.22933, 38.60845],
            [-90.24069, 38.60986],
            [-90.24081, 38.60987],
            [-90.24143, 38.60721],
            [-90.2423, 38.60291],
            [-90.24229, 38.60283],
            [-90.24228, 38.60269],
            [-90.24364, 38.59381],
            [-90.24384, 38.59246],
            [-90.2432, 38.59294],
            [-90.24241, 38.59365]
          ]
        ]
      },
      "properties": {
        "NHD_NAME": "Tower Grove East",
        "NHD_NUMTXT": "25 Tower Grove East",
        "ANGLE": 0,
        "NHD_NUM_ST": "",
        "NHD_NUM": 25
      }
    },
    {
      "type": "Feature",
      "geometry": {
        "type": "Polygon",
        "coordinates": [
          [
            [-90.21255576650944, 38.60837833726414],
            [-90.21252, 38.60843],
            [-90.21246, 38.6085],
            [-90.21152, 38.61116],
            [-90.21448, 38.61225],
            [-90.21488, 38.61237],
            [-90.21608, 38.61274],
            [-90.21688, 38.61295],
            [-90.21758, 38.61314],
            [-90.21834, 38.61333],
            [-90.21901, 38.61346],
            [-90.21942, 38.61352],
            [-90.21997, 38.61359],
            [-90.22125, 38.6137],
            [-90.22246, 38.60764],
            [-90.223, 38.60494],
            [-90.22272, 38.60506],
            [-90.22081, 38.60603],
            [-90.22041, 38.6062],
            [-90.22011, 38.60632],
            [-90.21986, 38.60638],
            [-90.21921, 38.60653],
            [-90.21734, 38.60697],
            [-90.21637, 38.60728],
            [-90.21542, 38.60757],
            [-90.21468, 38.60777],
            [-90.21418, 38.60791],
            [-90.21255576650944, 38.60837833726414]
          ]
        ]
      },
      "properties": {
        "NHD_NAME": "McKinley Heights",
        "NHD_NUMTXT": "23 McKinley Heights",
        "ANGLE": 0,
        "NHD_NUM_ST": "",
        "NHD_NUM": 23
      }
    },
    {
      "type": "Feature",
      "geometry": {
        "type": "Polygon",
        "coordinates": [
          [
            [-90.21435, 38.5917],
            [-90.21426, 38.59175],
            [-90.21385, 38.59201],
            [-90.21251, 38.59296],
            [-90.21242, 38.59305],
            [-90.21081, 38.59513],
            [-90.20896, 38.59735],
            [-90.2084, 38.59809],
            [-90.20823, 38.5984],
            [-90.20806, 38.59876],
            [-90.20799, 38.59903],
            [-90.20788, 38.59941],
            [-90.20779, 38.59964],
            [-90.20769, 38.59986],
            [-90.20755, 38.60007],
            [-90.20714, 38.60069],
            [-90.20464, 38.60422],
            [-90.20428, 38.60472],
            [-90.204, 38.60509],
            [-90.20289, 38.60666],
            [-90.20273, 38.60689],
            [-90.2021, 38.60774],
            [-90.19899, 38.61115],
            [-90.19824, 38.61208],
            [-90.19757, 38.61282],
            [-90.19752, 38.6129],
            [-90.19713, 38.61391],
            [-90.19744, 38.6138],
            [-90.19816, 38.61356],
            [-90.19907, 38.61325],
            [-90.19953, 38.6131],
            [-90.20011, 38.61289],
            [-90.20066, 38.61267],
            [-90.20123, 38.61244],
            [-90.20182, 38.61219],
            [-90.20236, 38.61196],
            [-90.20322, 38.61158],
            [-90.20393, 38.61126],
            [-90.20474, 38.61091],
            [-90.20492, 38.61083],
            [-90.20525, 38.61071],
            [-90.20569, 38.61058],
            [-90.20622, 38.61048],
            [-90.20645, 38.61044],
            [-90.20693, 38.61041],
            [-90.20782, 38.61042],
            [-90.20801, 38.61043],
            [-90.20837, 38.61042],
            [-90.20844, 38.61041],
            [-90.2088, 38.61039],
            [-90.20923, 38.61032],
            [-90.21152, 38.61116],
            [-90.21246, 38.6085],
            [-90.21252, 38.60843],
            [-90.21255576650944, 38.60837833726414],
            [-90.21261, 38.6083],
            [-90.21344, 38.60669],
            [-90.21376, 38.60596],
            [-90.21397, 38.60534],
            [-90.21461, 38.60289],
            [-90.21465, 38.60272],
            [-90.21565, 38.59882],
            [-90.21572, 38.59854],
            [-90.21583, 38.59803],
            [-90.21596, 38.59747],
            [-90.21613, 38.59675],
            [-90.21616, 38.59665],
            [-90.21616, 38.5966],
            [-90.21618, 38.59639],
            [-90.21619, 38.59623],
            [-90.21619, 38.59588],
            [-90.21617, 38.59567],
            [-90.21614, 38.5954],
            [-90.2161, 38.59517],
            [-90.21602, 38.59486],
            [-90.21594, 38.5946],
            [-90.21587, 38.59442],
            [-90.2158, 38.59424],
            [-90.21572, 38.59406],
            [-90.21559, 38.5938],
            [-90.21551, 38.59367],
            [-90.21544, 38.59356],
            [-90.21528, 38.59331],
            [-90.21518, 38.59315],
            [-90.21502, 38.59289],
            [-90.21484, 38.59259],
            [-90.21468, 38.59232],
            [-90.21455, 38.5921],
            [-90.21446, 38.59194],
            [-90.21435, 38.5917]
          ]
        ]
      },
      "properties": {
        "NHD_NAME": "Soulard",
        "NHD_NUMTXT": "21 Soulard",
        "ANGLE": 0,
        "NHD_NUM_ST": "",
        "NHD_NUM": 21
      }
    },
    {
      "type": "Feature",
      "geometry": {
        "type": "Polygon",
        "coordinates": [
          [
            [-90.223, 38.60494],
            [-90.22246, 38.60764],
            [-90.22125, 38.6137],
            [-90.22481, 38.61403],
            [-90.22812, 38.61431],
            [-90.22933, 38.60845],
            [-90.23073, 38.60163],
            [-90.22434, 38.60435],
            [-90.223, 38.60494]
          ]
        ]
      },
      "properties": {
        "NHD_NAME": "Fox Park",
        "NHD_NUMTXT": "24 Fox Park",
        "ANGLE": 0,
        "NHD_NUM_ST": "",
        "NHD_NUM": 24
      }
    },
    {
      "type": "Feature",
      "geometry": {
        "type": "Polygon",
        "coordinates": [
          [
            [-90.22933, 38.60845],
            [-90.22812, 38.61431],
            [-90.22941, 38.61442],
            [-90.22997, 38.61449],
            [-90.2305, 38.61458],
            [-90.23093, 38.61467],
            [-90.23128, 38.61476],
            [-90.23165, 38.61486],
            [-90.23213, 38.61501],
            [-90.23258, 38.61518],
            [-90.23284, 38.61528],
            [-90.23325, 38.61543],
            [-90.23379, 38.61563],
            [-90.23406, 38.61573],
            [-90.23431, 38.61582],
            [-90.23467, 38.61594],
            [-90.23497, 38.61603],
            [-90.2353, 38.61611],
            [-90.23548, 38.61616],
            [-90.23583, 38.61624],
            [-90.23616, 38.6163],
            [-90.23647, 38.61635],
            [-90.23721, 38.61645],
            [-90.23937, 38.61665],
            [-90.23941, 38.61638],
            [-90.24002, 38.61341],
            [-90.24081, 38.60987],
            [-90.24069, 38.60986],
            [-90.22933, 38.60845]
          ]
        ]
      },
      "properties": {
        "NHD_NAME": "Compton Heights",
        "NHD_NUMTXT": "26 Compton Heights",
        "ANGLE": 0,
        "NHD_NUM_ST": "",
        "NHD_NUM": 26
      }
    },
    {
      "type": "Feature",
      "geometry": {
        "type": "Polygon",
        "coordinates": [
          [
            [-90.20978, 38.58725],
            [-90.20446, 38.59083],
            [-90.19946, 38.59547],
            [-90.1955, 38.59955],
            [-90.1929, 38.60396],
            [-90.19119, 38.60698],
            [-90.18843, 38.61193],
            [-90.18747, 38.61446],
            [-90.18807, 38.61475],
            [-90.19185, 38.61656],
            [-90.19202, 38.61663],
            [-90.19205, 38.61659],
            [-90.1924, 38.61615],
            [-90.1926, 38.61594],
            [-90.19297, 38.61564],
            [-90.19324, 38.61546],
            [-90.19349, 38.61531],
            [-90.19387, 38.6151],
            [-90.19431, 38.61488],
            [-90.19472, 38.61473],
            [-90.1952, 38.61456],
            [-90.19566, 38.61441],
            [-90.1962, 38.61422],
            [-90.19674, 38.61404],
            [-90.19713, 38.61391],
            [-90.19752, 38.6129],
            [-90.19757, 38.61282],
            [-90.19824, 38.61208],
            [-90.19899, 38.61115],
            [-90.2021, 38.60774],
            [-90.20273, 38.60689],
            [-90.20289, 38.60666],
            [-90.204, 38.60509],
            [-90.20428, 38.60472],
            [-90.20464, 38.60422],
            [-90.20714, 38.60069],
            [-90.20755, 38.60007],
            [-90.20769, 38.59986],
            [-90.20779, 38.59964],
            [-90.20788, 38.59941],
            [-90.20799, 38.59903],
            [-90.20806, 38.59876],
            [-90.20823, 38.5984],
            [-90.2084, 38.59809],
            [-90.20896, 38.59735],
            [-90.21081, 38.59513],
            [-90.21242, 38.59305],
            [-90.21251, 38.59296],
            [-90.21385, 38.59201],
            [-90.21426, 38.59175],
            [-90.21435, 38.5917],
            [-90.2145, 38.59163],
            [-90.21377, 38.59094],
            [-90.21195, 38.58923],
            [-90.20978, 38.58725]
          ]
        ]
      },
      "properties": {
        "NHD_NAME": "Kosciusko",
        "NHD_NUMTXT": "20 Kosciusko",
        "ANGLE": 0,
        "NHD_NUM_ST": "",
        "NHD_NUM": 20
      }
    },
    {
      "type": "Feature",
      "geometry": {
        "type": "Polygon",
        "coordinates": [
          [
            [-90.25792, 38.60878],
            [-90.25637, 38.61668],
            [-90.25947, 38.61697],
            [-90.25963, 38.61635],
            [-90.25999, 38.61575],
            [-90.26169, 38.61339],
            [-90.26212, 38.61281],
            [-90.26248, 38.6121],
            [-90.26259, 38.61166],
            [-90.26296, 38.60926],
            [-90.25792, 38.60878]
          ]
        ]
      },
      "properties": {
        "NHD_NAME": "Missouri Botanical Garden",
        "NHD_NUMTXT": "87 Missouri Botanical Garden",
        "ANGLE": 0,
        "NHD_NUM_ST": "",
        "NHD_NUM": 87
      }
    },
    {
      "type": "Feature",
      "geometry": {
        "type": "Polygon",
        "coordinates": [
          [
            [-90.24504, 38.61717],
            [-90.256, 38.61818],
            [-90.25606, 38.61819],
            [-90.25613, 38.6178],
            [-90.25616, 38.61775],
            [-90.25637, 38.61668],
            [-90.25792, 38.60878],
            [-90.24143, 38.60721],
            [-90.24081, 38.60987],
            [-90.24002, 38.61341],
            [-90.23941, 38.61638],
            [-90.23937, 38.61665],
            [-90.23938, 38.61665],
            [-90.24504, 38.61717]
          ]
        ]
      },
      "properties": {
        "NHD_NAME": "Shaw",
        "NHD_NUMTXT": "27 Shaw",
        "ANGLE": 0,
        "NHD_NUM_ST": "",
        "NHD_NUM": 27
      }
    },
    {
      "type": "Feature",
      "geometry": {
        "type": "Polygon",
        "coordinates": [
          [
            [-90.26004, 38.61851],
            [-90.26021, 38.61852],
            [-90.26082, 38.61854],
            [-90.26159, 38.61854],
            [-90.26292, 38.61853],
            [-90.26345, 38.61852],
            [-90.2643, 38.6185],
            [-90.26497, 38.61847],
            [-90.26562, 38.61845],
            [-90.26651, 38.61842],
            [-90.26768, 38.61264],
            [-90.27122, 38.61179],
            [-90.27203, 38.6116],
            [-90.2727, 38.6114],
            [-90.27304, 38.61132],
            [-90.27343, 38.61123],
            [-90.27373, 38.61118],
            [-90.27524, 38.611],
            [-90.27552, 38.61104],
            [-90.2876, 38.61222],
            [-90.28797, 38.61117],
            [-90.28808, 38.6106],
            [-90.2884, 38.60886],
            [-90.28853, 38.60817],
            [-90.28875, 38.60742],
            [-90.28894, 38.60699],
            [-90.28914, 38.60668],
            [-90.29024, 38.60536],
            [-90.29054, 38.60504],
            [-90.29081, 38.60474],
            [-90.29096, 38.60455],
            [-90.28835, 38.60428],
            [-90.28835, 38.60432],
            [-90.28503, 38.60398],
            [-90.28168, 38.60364],
            [-90.28156, 38.60366],
            [-90.27631, 38.60303],
            [-90.26971, 38.60235],
            [-90.26922, 38.60507],
            [-90.26913, 38.60558],
            [-90.26826, 38.60976],
            [-90.26296, 38.60926],
            [-90.26259, 38.61166],
            [-90.26248, 38.6121],
            [-90.26212, 38.61281],
            [-90.26169, 38.61339],
            [-90.25999, 38.61575],
            [-90.25963, 38.61635],
            [-90.25947, 38.61697],
            [-90.25637, 38.61668],
            [-90.25616, 38.61775],
            [-90.25613, 38.6178],
            [-90.25606, 38.61819],
            [-90.25886, 38.61843],
            [-90.25975, 38.61849],
            [-90.26004, 38.61851]
          ]
        ]
      },
      "properties": {
        "NHD_NAME": "Southwest Garden",
        "NHD_NUMTXT": "13 Southwest Garden",
        "ANGLE": 0,
        "NHD_NUM_ST": "",
        "NHD_NUM": 13
      }
    },
    {
      "type": "Feature",
      "geometry": {
        "type": "Polygon",
        "coordinates": [
          [
            [-90.28894, 38.60699],
            [-90.28875, 38.60742],
            [-90.28853, 38.60817],
            [-90.2884, 38.60886],
            [-90.28808, 38.6106],
            [-90.28797, 38.61117],
            [-90.2876, 38.61222],
            [-90.28749, 38.61252],
            [-90.28739, 38.61284],
            [-90.28731, 38.61313],
            [-90.28724, 38.61344],
            [-90.2872, 38.61375],
            [-90.28715, 38.61407],
            [-90.28713, 38.61449],
            [-90.28714, 38.61511],
            [-90.28714, 38.61617],
            [-90.28712, 38.6165],
            [-90.28713, 38.61668],
            [-90.28716, 38.61688],
            [-90.28724, 38.61715],
            [-90.28735, 38.6174],
            [-90.28748, 38.61765],
            [-90.28768, 38.61798],
            [-90.28794, 38.61825],
            [-90.28812, 38.6185],
            [-90.28819, 38.61867],
            [-90.2887, 38.61857],
            [-90.28955, 38.61838],
            [-90.29008, 38.61825],
            [-90.29102, 38.61799],
            [-90.29193, 38.6177],
            [-90.29267, 38.61741],
            [-90.29742, 38.61548],
            [-90.29752, 38.61543],
            [-90.29837, 38.61508],
            [-90.29917, 38.61474],
            [-90.29954, 38.61454],
            [-90.30023, 38.61412],
            [-90.30083, 38.6137],
            [-90.30106, 38.61351],
            [-90.30137, 38.61324],
            [-90.30178, 38.61286],
            [-90.30215, 38.61247],
            [-90.30244, 38.61211],
            [-90.30273, 38.61172],
            [-90.3029, 38.61146],
            [-90.30307, 38.61116],
            [-90.30322, 38.61087],
            [-90.30342, 38.61039],
            [-90.30356, 38.61002],
            [-90.30377, 38.6095],
            [-90.30397, 38.60905],
            [-90.30427, 38.60852],
            [-90.28894, 38.60699]
          ]
        ]
      },
      "properties": {
        "NHD_NAME": "Clifton Heights",
        "NHD_NUMTXT": "11 Clifton Heights",
        "ANGLE": 0,
        "NHD_NUM_ST": "",
        "NHD_NUM": 11
      }
    },
    {
      "type": "Feature",
      "geometry": {
        "type": "Polygon",
        "coordinates": [
          [
            [-90.19713, 38.61391],
            [-90.19674, 38.61404],
            [-90.1962, 38.61422],
            [-90.19566, 38.61441],
            [-90.1952, 38.61456],
            [-90.19472, 38.61473],
            [-90.19431, 38.61488],
            [-90.19387, 38.6151],
            [-90.19349, 38.61531],
            [-90.19324, 38.61546],
            [-90.19297, 38.61564],
            [-90.1926, 38.61594],
            [-90.1924, 38.61615],
            [-90.19205, 38.61659],
            [-90.19297, 38.61709],
            [-90.19339, 38.61707],
            [-90.20168, 38.61876],
            [-90.20224, 38.61724],
            [-90.20251, 38.61671],
            [-90.20772, 38.61112],
            [-90.20837, 38.61042],
            [-90.20801, 38.61043],
            [-90.20782, 38.61042],
            [-90.20693, 38.61041],
            [-90.20645, 38.61044],
            [-90.20622, 38.61048],
            [-90.20569, 38.61058],
            [-90.20525, 38.61071],
            [-90.20492, 38.61083],
            [-90.20474, 38.61091],
            [-90.20393, 38.61126],
            [-90.20322, 38.61158],
            [-90.20236, 38.61196],
            [-90.20182, 38.61219],
            [-90.20123, 38.61244],
            [-90.20066, 38.61267],
            [-90.20011, 38.61289],
            [-90.19953, 38.6131],
            [-90.19907, 38.61325],
            [-90.19816, 38.61356],
            [-90.19744, 38.6138],
            [-90.19713, 38.61391]
          ]
        ]
      },
      "properties": {
        "NHD_NAME": "LaSalle Park",
        "NHD_NUMTXT": "34 LaSalle Park",
        "ANGLE": 0,
        "NHD_NUM_ST": "",
        "NHD_NUM": 34
      }
    },
    {
      "type": "Feature",
      "geometry": {
        "type": "Polygon",
        "coordinates": [
          [
            [-90.20879, 38.62019],
            [-90.21012, 38.61649],
            [-90.21008, 38.61647],
            [-90.21068, 38.61357],
            [-90.21152, 38.61116],
            [-90.20923, 38.61032],
            [-90.2088, 38.61039],
            [-90.20844, 38.61041],
            [-90.20837, 38.61042],
            [-90.20772, 38.61112],
            [-90.20251, 38.61671],
            [-90.20224, 38.61724],
            [-90.20168, 38.61876],
            [-90.20879, 38.62019]
          ]
        ]
      },
      "properties": {
        "NHD_NAME": "Peabody Darst Webbe",
        "NHD_NUMTXT": "33 Peabody Darst Webbe",
        "ANGLE": 0,
        "NHD_NUM_ST": "",
        "NHD_NUM": 33
      }
    },
    {
      "type": "Feature",
      "geometry": {
        "type": "Polygon",
        "coordinates": [
          [
            [-90.2186, 38.62223],
            [-90.22019, 38.61828],
            [-90.22044, 38.61744],
            [-90.22102, 38.61469],
            [-90.22125, 38.6137],
            [-90.21997, 38.61359],
            [-90.21942, 38.61352],
            [-90.21901, 38.61346],
            [-90.21834, 38.61333],
            [-90.21758, 38.61314],
            [-90.21688, 38.61295],
            [-90.21608, 38.61274],
            [-90.21488, 38.61237],
            [-90.21448, 38.61225],
            [-90.21152, 38.61116],
            [-90.21068, 38.61357],
            [-90.21008, 38.61647],
            [-90.21012, 38.61649],
            [-90.20879, 38.62019],
            [-90.2186, 38.62223]
          ]
        ]
      },
      "properties": {
        "NHD_NAME": "Lafayette Square",
        "NHD_NUMTXT": "32 Lafayette Square",
        "ANGLE": 0,
        "NHD_NUM_ST": "",
        "NHD_NUM": 32
      }
    },
    {
      "type": "Feature",
      "geometry": {
        "type": "Polygon",
        "coordinates": [
          [
            [-90.31211, 38.61524],
            [-90.3122, 38.61501],
            [-90.31524, 38.60735],
            [-90.31798, 38.60046],
            [-90.31889, 38.59819],
            [-90.31884, 38.59822],
            [-90.31822, 38.59864],
            [-90.31775, 38.59892],
            [-90.31732, 38.59914],
            [-90.31672, 38.59941],
            [-90.31619, 38.59962],
            [-90.31554, 38.59987],
            [-90.31526, 38.59998],
            [-90.31395, 38.60049],
            [-90.31331, 38.60083],
            [-90.3127, 38.60122],
            [-90.31209, 38.60175],
            [-90.31152, 38.60235],
            [-90.31101, 38.60294],
            [-90.31049, 38.60347],
            [-90.3101, 38.60386],
            [-90.30948, 38.60439],
            [-90.30903, 38.60474],
            [-90.30781, 38.60559],
            [-90.30737, 38.60591],
            [-90.30677, 38.60632],
            [-90.30624, 38.60669],
            [-90.30563, 38.60713],
            [-90.30538, 38.60731],
            [-90.30504, 38.60762],
            [-90.30481, 38.60784],
            [-90.30449, 38.60822],
            [-90.30428, 38.60851],
            [-90.30427, 38.60852],
            [-90.30397, 38.60905],
            [-90.30377, 38.6095],
            [-90.30356, 38.61002],
            [-90.30342, 38.61039],
            [-90.30322, 38.61087],
            [-90.30307, 38.61116],
            [-90.3029, 38.61146],
            [-90.30273, 38.61172],
            [-90.30244, 38.61211],
            [-90.30215, 38.61247],
            [-90.30178, 38.61286],
            [-90.30137, 38.61324],
            [-90.30106, 38.61351],
            [-90.30083, 38.6137],
            [-90.30023, 38.61412],
            [-90.29954, 38.61454],
            [-90.29917, 38.61474],
            [-90.29837, 38.61508],
            [-90.29752, 38.61543],
            [-90.29742, 38.61548],
            [-90.29267, 38.61741],
            [-90.29193, 38.6177],
            [-90.29102, 38.61799],
            [-90.29008, 38.61825],
            [-90.28955, 38.61838],
            [-90.2887, 38.61857],
            [-90.28819, 38.61867],
            [-90.2882, 38.6187],
            [-90.28837, 38.61912],
            [-90.28846, 38.61965],
            [-90.28848, 38.62002],
            [-90.28843, 38.6205],
            [-90.28806, 38.62245],
            [-90.28852, 38.62242],
            [-90.2904, 38.62219],
            [-90.29157, 38.62202],
            [-90.2922, 38.62189],
            [-90.29265, 38.62178],
            [-90.29423, 38.62128],
            [-90.29528, 38.62095],
            [-90.30598, 38.61751],
            [-90.30695, 38.6172],
            [-90.30875, 38.61666],
            [-90.30898, 38.61658],
            [-90.30911, 38.61654],
            [-90.30953, 38.61643],
            [-90.30977, 38.61635],
            [-90.30998, 38.61628],
            [-90.31031, 38.61615],
            [-90.31108, 38.61582],
            [-90.31158, 38.61556],
            [-90.31211, 38.61524]
          ]
        ]
      },
      "properties": {
        "NHD_NAME": "Ellendale",
        "NHD_NUMTXT": "10 Ellendale",
        "ANGLE": 0,
        "NHD_NUM_ST": "",
        "NHD_NUM": 10
      }
    },
    {
      "type": "Feature",
      "geometry": {
        "type": "Polygon",
        "coordinates": [
          [
            [-90.2757, 38.62391],
            [-90.28014, 38.62339],
            [-90.28806, 38.62245],
            [-90.28843, 38.6205],
            [-90.28848, 38.62002],
            [-90.28846, 38.61965],
            [-90.28837, 38.61912],
            [-90.2882, 38.6187],
            [-90.28819, 38.61867],
            [-90.28812, 38.6185],
            [-90.28794, 38.61825],
            [-90.28768, 38.61798],
            [-90.28748, 38.61765],
            [-90.28735, 38.6174],
            [-90.28724, 38.61715],
            [-90.28716, 38.61688],
            [-90.28713, 38.61668],
            [-90.28712, 38.6165],
            [-90.28714, 38.61617],
            [-90.28714, 38.61511],
            [-90.28713, 38.61449],
            [-90.28715, 38.61407],
            [-90.2872, 38.61375],
            [-90.28724, 38.61344],
            [-90.28731, 38.61313],
            [-90.28739, 38.61284],
            [-90.28749, 38.61252],
            [-90.2876, 38.61222],
            [-90.27552, 38.61104],
            [-90.27524, 38.611],
            [-90.27373, 38.61118],
            [-90.27343, 38.61123],
            [-90.27304, 38.61132],
            [-90.2727, 38.6114],
            [-90.27203, 38.6116],
            [-90.27122, 38.61179],
            [-90.26768, 38.61264],
            [-90.26651, 38.61842],
            [-90.26608, 38.62055],
            [-90.26501, 38.62586],
            [-90.26808, 38.62543],
            [-90.27154, 38.62446],
            [-90.27231, 38.62431],
            [-90.27257, 38.62428],
            [-90.2757, 38.62391]
          ]
        ]
      },
      "properties": {
        "NHD_NAME": "The Hill",
        "NHD_NUMTXT": "12 The Hill",
        "ANGLE": 0,
        "NHD_NUM_ST": "",
        "NHD_NUM": 12
      }
    },
    {
      "type": "Feature",
      "geometry": {
        "type": "Polygon",
        "coordinates": [
          [
            [-90.23937, 38.61665],
            [-90.23721, 38.61645],
            [-90.23647, 38.61635],
            [-90.23616, 38.6163],
            [-90.23583, 38.61624],
            [-90.23548, 38.61616],
            [-90.2353, 38.61611],
            [-90.23497, 38.61603],
            [-90.23467, 38.61594],
            [-90.23431, 38.61582],
            [-90.23406, 38.61573],
            [-90.23379, 38.61563],
            [-90.23325, 38.61543],
            [-90.23284, 38.61528],
            [-90.23258, 38.61518],
            [-90.23213, 38.61501],
            [-90.23165, 38.61486],
            [-90.23128, 38.61476],
            [-90.23093, 38.61467],
            [-90.2305, 38.61458],
            [-90.22997, 38.61449],
            [-90.22941, 38.61442],
            [-90.22812, 38.61431],
            [-90.22481, 38.61403],
            [-90.22125, 38.6137],
            [-90.22102, 38.61469],
            [-90.22044, 38.61744],
            [-90.22019, 38.61828],
            [-90.2186, 38.62223],
            [-90.23673, 38.626],
            [-90.23858, 38.62065],
            [-90.23932, 38.61706],
            [-90.23937, 38.61665]
          ]
        ]
      },
      "properties": {
        "NHD_NAME": "The Gate District",
        "NHD_NUMTXT": "31 The Gate District",
        "ANGLE": 0,
        "NHD_NUM_ST": "",
        "NHD_NUM": 31
      }
    },
    {
      "type": "Feature",
      "geometry": {
        "type": "Polygon",
        "coordinates": [
          [
            [-90.20116, 38.6683],
            [-90.20182, 38.66928],
            [-90.20265, 38.67051],
            [-90.20363, 38.67195],
            [-90.20434, 38.673],
            [-90.20479, 38.67366],
            [-90.20539, 38.67456],
            [-90.20626, 38.67578],
            [-90.20659, 38.67617],
            [-90.207, 38.67663],
            [-90.20706, 38.67669],
            [-90.20717, 38.6768],
            [-90.2075, 38.67712],
            [-90.20761, 38.67722],
            [-90.2077, 38.67729],
            [-90.20782, 38.67738],
            [-90.20792, 38.67747],
            [-90.20802, 38.67756],
            [-90.20811, 38.67763],
            [-90.2082, 38.6777],
            [-90.20828, 38.67777],
            [-90.20836, 38.67783],
            [-90.20843, 38.67789],
            [-90.20851, 38.67794],
            [-90.20858, 38.678],
            [-90.20866, 38.67805],
            [-90.20873, 38.6781],
            [-90.20879, 38.67815],
            [-90.20886, 38.67819],
            [-90.20892, 38.67824],
            [-90.20899, 38.67828],
            [-90.20907, 38.67833],
            [-90.20956, 38.67864],
            [-90.2104, 38.67915],
            [-90.21104, 38.67955],
            [-90.21115, 38.67962],
            [-90.21237, 38.67896],
            [-90.21259, 38.67873],
            [-90.21811, 38.67337],
            [-90.21818, 38.67332],
            [-90.21429, 38.67159],
            [-90.21422, 38.67154],
            [-90.21241, 38.66972],
            [-90.21226, 38.66962],
            [-90.21119, 38.66912],
            [-90.211, 38.66901],
            [-90.21077, 38.66886],
            [-90.20919, 38.66776],
            [-90.20873, 38.66689],
            [-90.20768, 38.66721],
            [-90.20761, 38.66724],
            [-90.20367, 38.66848],
            [-90.20225, 38.66838],
            [-90.20116, 38.6683]
          ]
        ]
      },
      "properties": {
        "NHD_NAME": "College Hill",
        "NHD_NUMTXT": "66 College Hill",
        "ANGLE": 0,
        "NHD_NUM_ST": "",
        "NHD_NUM": 66
      }
    },
    {
      "type": "Feature",
      "geometry": {
        "type": "Polygon",
        "coordinates": [
          [
            [-90.22203, 38.6682],
            [-90.22071, 38.67006],
            [-90.2208, 38.6701],
            [-90.21855, 38.67297],
            [-90.21818, 38.67332],
            [-90.21811, 38.67337],
            [-90.21259, 38.67873],
            [-90.21237, 38.67896],
            [-90.21646, 38.67682],
            [-90.2179, 38.67844],
            [-90.22153, 38.67653],
            [-90.22374, 38.67902],
            [-90.22392, 38.67926],
            [-90.22425, 38.67991],
            [-90.2248, 38.68093],
            [-90.23016, 38.67809],
            [-90.23059, 38.67785],
            [-90.23075, 38.67766],
            [-90.23295, 38.67452],
            [-90.23633, 38.66984],
            [-90.23645, 38.66978],
            [-90.22887, 38.66645],
            [-90.22628, 38.67006],
            [-90.22203, 38.6682]
          ]
        ]
      },
      "properties": {
        "NHD_NAME": "O'Fallon",
        "NHD_NUMTXT": "68 O'Fallon",
        "ANGLE": 0,
        "NHD_NUM_ST": "",
        "NHD_NUM": 68
      }
    },
    {
      "type": "Feature",
      "geometry": {
        "type": "Polygon",
        "coordinates": [
          [
            [-90.21115, 38.67962],
            [-90.21125, 38.67967],
            [-90.21292, 38.68069],
            [-90.21483, 38.68185],
            [-90.21604, 38.68258],
            [-90.21674, 38.683],
            [-90.217, 38.68315],
            [-90.21745, 38.68338],
            [-90.21754, 38.68342],
            [-90.21771, 38.68349],
            [-90.21808, 38.68364],
            [-90.21842, 38.68376],
            [-90.21881, 38.68387],
            [-90.21917, 38.68395],
            [-90.21969, 38.68404],
            [-90.22025, 38.6841],
            [-90.22057, 38.68412],
            [-90.22099, 38.68413],
            [-90.2211, 38.68412],
            [-90.22547, 38.6818],
            [-90.22543, 38.68176],
            [-90.22517, 38.68151],
            [-90.22507, 38.68138],
            [-90.22492, 38.68114],
            [-90.2248, 38.68093],
            [-90.22425, 38.67991],
            [-90.22392, 38.67926],
            [-90.22374, 38.67902],
            [-90.22153, 38.67653],
            [-90.2179, 38.67844],
            [-90.21646, 38.67682],
            [-90.21237, 38.67896],
            [-90.21115, 38.67962]
          ]
        ]
      },
      "properties": {
        "NHD_NAME": "O'Fallon Park",
        "NHD_NUMTXT": "85 O'Fallon Park",
        "ANGLE": 0,
        "NHD_NUM_ST": "",
        "NHD_NUM": 85
      }
    },
    {
      "type": "Feature",
      "geometry": {
        "type": "Polygon",
        "coordinates": [
          [
            [-90.23645, 38.66978],
            [-90.23633, 38.66984],
            [-90.23295, 38.67452],
            [-90.23075, 38.67766],
            [-90.23059, 38.67785],
            [-90.23016, 38.67809],
            [-90.2248, 38.68093],
            [-90.22492, 38.68114],
            [-90.22507, 38.68138],
            [-90.22517, 38.68151],
            [-90.22543, 38.68176],
            [-90.22547, 38.6818],
            [-90.22555, 38.68188],
            [-90.22582, 38.68206],
            [-90.22603, 38.68221],
            [-90.22629, 38.68234],
            [-90.22653, 38.68246],
            [-90.22779, 38.68309],
            [-90.22862, 38.68306],
            [-90.23312, 38.68292],
            [-90.23609, 38.68282],
            [-90.23668, 38.68281],
            [-90.23726, 38.6828],
            [-90.23775, 38.68283],
            [-90.23821, 38.68289],
            [-90.23857, 38.68295],
            [-90.23899, 38.68304],
            [-90.2393, 38.68312],
            [-90.23959, 38.68321],
            [-90.24002, 38.68336],
            [-90.24031, 38.68349],
            [-90.24075, 38.6837],
            [-90.24146, 38.68407],
            [-90.24205, 38.68439],
            [-90.24243, 38.68459],
            [-90.24285, 38.68411],
            [-90.24288, 38.684],
            [-90.24295, 38.68389],
            [-90.24308, 38.68367],
            [-90.24448, 38.68169],
            [-90.24581, 38.68226],
            [-90.24635, 38.68151],
            [-90.24633, 38.6815],
            [-90.24658, 38.68115],
            [-90.24804, 38.68178],
            [-90.25182, 38.67637],
            [-90.24426, 38.67307],
            [-90.24251, 38.67237],
            [-90.23938, 38.67106],
            [-90.23645, 38.66978]
          ]
        ]
      },
      "properties": {
        "NHD_NAME": "Penrose",
        "NHD_NUMTXT": "69 Penrose",
        "ANGLE": 0,
        "NHD_NUM_ST": "",
        "NHD_NUM": 69
      }
    },
    {
      "type": "Feature",
      "geometry": {
        "type": "Polygon",
        "coordinates": [
          [
            [-90.18609, 38.63443],
            [-90.18578, 38.63437],
            [-90.18562, 38.63433],
            [-90.1854, 38.63432],
            [-90.18148, 38.63388],
            [-90.18098, 38.63383],
            [-90.18066, 38.63549],
            [-90.18078, 38.63889],
            [-90.18203, 38.64952],
            [-90.18652, 38.66521],
            [-90.18974, 38.67537],
            [-90.19865, 38.68625],
            [-90.19897, 38.68608],
            [-90.21039, 38.68003],
            [-90.21115, 38.67962],
            [-90.21104, 38.67955],
            [-90.2104, 38.67915],
            [-90.20956, 38.67864],
            [-90.20907, 38.67833],
            [-90.20899, 38.67828],
            [-90.20892, 38.67824],
            [-90.20886, 38.67819],
            [-90.20879, 38.67815],
            [-90.20873, 38.6781],
            [-90.20866, 38.67805],
            [-90.20858, 38.678],
            [-90.20851, 38.67794],
            [-90.20843, 38.67789],
            [-90.20836, 38.67783],
            [-90.20828, 38.67777],
            [-90.2082, 38.6777],
            [-90.20811, 38.67763],
            [-90.20802, 38.67756],
            [-90.20792, 38.67747],
            [-90.20782, 38.67738],
            [-90.2077, 38.67729],
            [-90.20761, 38.67722],
            [-90.2075, 38.67712],
            [-90.20717, 38.6768],
            [-90.20706, 38.67669],
            [-90.207, 38.67663],
            [-90.20659, 38.67617],
            [-90.20626, 38.67578],
            [-90.20539, 38.67456],
            [-90.20479, 38.67366],
            [-90.20434, 38.673],
            [-90.20363, 38.67195],
            [-90.20265, 38.67051],
            [-90.20182, 38.66928],
            [-90.20116, 38.6683],
            [-90.20084, 38.66782],
            [-90.20004, 38.66664],
            [-90.19936, 38.66564],
            [-90.19898, 38.66508],
            [-90.19869, 38.66463],
            [-90.19822, 38.66384],
            [-90.19797, 38.66337],
            [-90.19768, 38.66279],
            [-90.1973, 38.66203],
            [-90.19703, 38.66148],
            [-90.19686, 38.66112],
            [-90.19666, 38.6606],
            [-90.19654, 38.66024],
            [-90.19641, 38.6597],
            [-90.19634, 38.65931],
            [-90.19624, 38.65877],
            [-90.19617, 38.65828],
            [-90.19609, 38.65785],
            [-90.19605, 38.65761],
            [-90.19596, 38.65727],
            [-90.1959, 38.65703],
            [-90.19573, 38.65656],
            [-90.1956, 38.65626],
            [-90.19536, 38.65576],
            [-90.19486, 38.65477],
            [-90.19469, 38.65442],
            [-90.19408, 38.6532],
            [-90.19376, 38.65258],
            [-90.19267, 38.65039],
            [-90.19161, 38.64828],
            [-90.191, 38.64707],
            [-90.19027, 38.64563],
            [-90.18973, 38.64455],
            [-90.18914, 38.64341],
            [-90.18869, 38.64257],
            [-90.18845, 38.64209],
            [-90.18798, 38.64118],
            [-90.18755, 38.64036],
            [-90.18725, 38.63987],
            [-90.18714, 38.63968],
            [-90.18708, 38.63959],
            [-90.18686, 38.63919],
            [-90.18672, 38.6389],
            [-90.18656, 38.63855],
            [-90.18644, 38.63825],
            [-90.18637, 38.63806],
            [-90.18628, 38.63768],
            [-90.18614, 38.63721],
            [-90.18614, 38.63662],
            [-90.18611, 38.63523],
            [-90.18609, 38.63443]
          ]
        ]
      },
      "properties": {
        "NHD_NAME": "Near North Riverfront",
        "NHD_NUMTXT": "64 Near North Riverfront",
        "ANGLE": 0,
        "NHD_NUM_ST": "",
        "NHD_NUM": 64
      }
    },
    {
      "type": "Feature",
      "geometry": {
        "type": "Polygon",
        "coordinates": [
          [
            [-90.24243, 38.68459],
            [-90.24264, 38.6847],
            [-90.24319, 38.685],
            [-90.24383, 38.68535],
            [-90.24463, 38.68575],
            [-90.24568, 38.68626],
            [-90.24783, 38.68717],
            [-90.24849, 38.68744],
            [-90.24914, 38.68771],
            [-90.24945, 38.68785],
            [-90.24976, 38.68739],
            [-90.25034, 38.68654],
            [-90.25028, 38.68652],
            [-90.24945, 38.68616],
            [-90.24959, 38.68556],
            [-90.24955, 38.68555],
            [-90.24955, 38.68534],
            [-90.2497, 38.68541],
            [-90.24969, 38.68461],
            [-90.24966, 38.68434],
            [-90.24968, 38.68389],
            [-90.2495, 38.68381],
            [-90.25019, 38.68278],
            [-90.25022, 38.68273],
            [-90.24804, 38.68178],
            [-90.24658, 38.68115],
            [-90.24633, 38.6815],
            [-90.24635, 38.68151],
            [-90.24581, 38.68226],
            [-90.24448, 38.68169],
            [-90.24308, 38.68367],
            [-90.24295, 38.68389],
            [-90.24288, 38.684],
            [-90.24285, 38.68411],
            [-90.24243, 38.68459]
          ]
        ]
      },
      "properties": {
        "NHD_NAME": "Penrose Park",
        "NHD_NUMTXT": "84 Penrose Park",
        "ANGLE": 0,
        "NHD_NUM_ST": "",
        "NHD_NUM": 84
      }
    },
    {
      "type": "Feature",
      "geometry": {
        "type": "Polygon",
        "coordinates": [
          [
            [-90.26771, 38.66577],
            [-90.25824, 38.67925],
            [-90.26521, 38.68229],
            [-90.26577, 38.68254],
            [-90.26641, 38.68292],
            [-90.26839, 38.68415],
            [-90.27128, 38.68606],
            [-90.27194, 38.68647],
            [-90.27216, 38.68663],
            [-90.27253, 38.68692],
            [-90.2733, 38.6876],
            [-90.27522, 38.68925],
            [-90.28117, 38.68173],
            [-90.28575, 38.67595],
            [-90.286, 38.67563],
            [-90.27939, 38.6721],
            [-90.27562, 38.67006],
            [-90.26771, 38.66577]
          ]
        ]
      },
      "properties": {
        "NHD_NAME": "Wells Goodfellow",
        "NHD_NUMTXT": "50 Wells Goodfellow",
        "ANGLE": 0,
        "NHD_NUM_ST": "",
        "NHD_NUM": 50
      }
    },
    {
      "type": "Feature",
      "geometry": {
        "type": "Polygon",
        "coordinates": [
          [
            [-90.22779, 38.68309],
            [-90.22934, 38.68387],
            [-90.22986, 38.68424],
            [-90.23048, 38.68487],
            [-90.23795, 38.69342],
            [-90.23913, 38.69498],
            [-90.24105, 38.69717],
            [-90.25397, 38.6901],
            [-90.2543, 38.68993],
            [-90.25399, 38.68979],
            [-90.25364, 38.68962],
            [-90.25333, 38.68949],
            [-90.25286, 38.6893],
            [-90.25222, 38.68903],
            [-90.25098, 38.6885],
            [-90.24984, 38.68801],
            [-90.24945, 38.68785],
            [-90.24914, 38.68771],
            [-90.24849, 38.68744],
            [-90.24783, 38.68717],
            [-90.24568, 38.68626],
            [-90.24463, 38.68575],
            [-90.24383, 38.68535],
            [-90.24319, 38.685],
            [-90.24264, 38.6847],
            [-90.24243, 38.68459],
            [-90.24205, 38.68439],
            [-90.24146, 38.68407],
            [-90.24075, 38.6837],
            [-90.24031, 38.68349],
            [-90.24002, 38.68336],
            [-90.23959, 38.68321],
            [-90.2393, 38.68312],
            [-90.23899, 38.68304],
            [-90.23857, 38.68295],
            [-90.23821, 38.68289],
            [-90.23775, 38.68283],
            [-90.23726, 38.6828],
            [-90.23668, 38.68281],
            [-90.23609, 38.68282],
            [-90.23312, 38.68292],
            [-90.22862, 38.68306],
            [-90.22779, 38.68309]
          ]
        ]
      },
      "properties": {
        "NHD_NAME": "Mark Twain",
        "NHD_NUMTXT": "71 Mark Twain",
        "ANGLE": 0,
        "NHD_NUM_ST": "",
        "NHD_NUM": 71
      }
    },
    {
      "type": "Feature",
      "geometry": {
        "type": "Polygon",
        "coordinates": [
          [
            [-90.25182, 38.67637],
            [-90.24804, 38.68178],
            [-90.25022, 38.68273],
            [-90.25019, 38.68278],
            [-90.2495, 38.68381],
            [-90.24968, 38.68389],
            [-90.24966, 38.68434],
            [-90.24969, 38.68461],
            [-90.2497, 38.68541],
            [-90.24955, 38.68534],
            [-90.24955, 38.68555],
            [-90.24959, 38.68556],
            [-90.24945, 38.68616],
            [-90.25028, 38.68652],
            [-90.25034, 38.68654],
            [-90.24976, 38.68739],
            [-90.24945, 38.68785],
            [-90.24984, 38.68801],
            [-90.25098, 38.6885],
            [-90.25222, 38.68903],
            [-90.25286, 38.6893],
            [-90.25333, 38.68949],
            [-90.25364, 38.68962],
            [-90.25399, 38.68979],
            [-90.2543, 38.68993],
            [-90.25452, 38.69003],
            [-90.25477, 38.69013],
            [-90.25533, 38.69035],
            [-90.25612, 38.69068],
            [-90.25663, 38.69089],
            [-90.25713, 38.69111],
            [-90.25775, 38.69143],
            [-90.25816, 38.69168],
            [-90.25861, 38.69202],
            [-90.25881, 38.69219],
            [-90.25901, 38.69237],
            [-90.25924, 38.69262],
            [-90.25935, 38.69274],
            [-90.2595, 38.69293],
            [-90.25968, 38.69319],
            [-90.25986, 38.69347],
            [-90.26, 38.69373],
            [-90.26013, 38.69399],
            [-90.26024, 38.69426],
            [-90.26031, 38.69456],
            [-90.26038, 38.69491],
            [-90.26044, 38.69535],
            [-90.26047, 38.69576],
            [-90.26048, 38.69609],
            [-90.26051, 38.69661],
            [-90.26058, 38.69708],
            [-90.26069, 38.69748],
            [-90.26086, 38.69792],
            [-90.26098, 38.69815],
            [-90.26124, 38.69854],
            [-90.26139, 38.69874],
            [-90.26166, 38.69904],
            [-90.26191, 38.69929],
            [-90.26226, 38.69959],
            [-90.26259, 38.69981],
            [-90.2629, 38.7],
            [-90.26319, 38.70016],
            [-90.26342, 38.70027],
            [-90.26376, 38.70042],
            [-90.26404, 38.70054],
            [-90.26559, 38.70118],
            [-90.26573, 38.70124],
            [-90.27489, 38.68966],
            [-90.27522, 38.68925],
            [-90.2733, 38.6876],
            [-90.27253, 38.68692],
            [-90.27216, 38.68663],
            [-90.27194, 38.68647],
            [-90.27128, 38.68606],
            [-90.26839, 38.68415],
            [-90.26641, 38.68292],
            [-90.26577, 38.68254],
            [-90.26521, 38.68229],
            [-90.25824, 38.67925],
            [-90.25616, 38.67825],
            [-90.25391, 38.67726],
            [-90.25245, 38.67663],
            [-90.25182, 38.67637]
          ]
        ]
      },
      "properties": {
        "NHD_NAME": "Mark Twain I-70 Industrial",
        "NHD_NUMTXT": "70 Mark Twain I-70 Industrial",
        "ANGLE": 0,
        "NHD_NUM_ST": "",
        "NHD_NUM": 70
      }
    },
    {
      "type": "Feature",
      "geometry": {
        "type": "Polygon",
        "coordinates": [
          [
            [-90.24105, 38.69717],
            [-90.24943, 38.70677],
            [-90.25275, 38.70339],
            [-90.25439, 38.70241],
            [-90.25906, 38.69959],
            [-90.25954, 38.69928],
            [-90.25969, 38.69918],
            [-90.25997, 38.69895],
            [-90.26005, 38.69888],
            [-90.26021, 38.6987],
            [-90.2603, 38.69858],
            [-90.26053, 38.69826],
            [-90.26058, 38.69817],
            [-90.26077, 38.69802],
            [-90.26086, 38.69792],
            [-90.26069, 38.69748],
            [-90.26058, 38.69708],
            [-90.26051, 38.69661],
            [-90.26048, 38.69609],
            [-90.26047, 38.69576],
            [-90.26044, 38.69535],
            [-90.26038, 38.69491],
            [-90.26031, 38.69456],
            [-90.26024, 38.69426],
            [-90.26013, 38.69399],
            [-90.26, 38.69373],
            [-90.25986, 38.69347],
            [-90.25968, 38.69319],
            [-90.2595, 38.69293],
            [-90.25935, 38.69274],
            [-90.25924, 38.69262],
            [-90.25901, 38.69237],
            [-90.25881, 38.69219],
            [-90.25861, 38.69202],
            [-90.25816, 38.69168],
            [-90.25775, 38.69143],
            [-90.25713, 38.69111],
            [-90.25663, 38.69089],
            [-90.25612, 38.69068],
            [-90.25533, 38.69035],
            [-90.25477, 38.69013],
            [-90.25452, 38.69003],
            [-90.2543, 38.68993],
            [-90.25397, 38.6901],
            [-90.24105, 38.69717]
          ]
        ]
      },
      "properties": {
        "NHD_NAME": "Walnut Park East",
        "NHD_NUMTXT": "72 Walnut Park East",
        "ANGLE": 0,
        "NHD_NUM_ST": "",
        "NHD_NUM": 72
      }
    },
    {
      "type": "Feature",
      "geometry": {
        "type": "Polygon",
        "coordinates": [
          [
            [-90.22779, 38.68309],
            [-90.22657, 38.68314],
            [-90.22602, 38.6832],
            [-90.2258, 38.68323],
            [-90.2257, 38.68324],
            [-90.22545, 38.68351],
            [-90.22502, 38.6839],
            [-90.22463, 38.68419],
            [-90.22418, 38.68443],
            [-90.22233, 38.68542],
            [-90.22053, 38.68632],
            [-90.22141, 38.687],
            [-90.22193, 38.68751],
            [-90.22261, 38.68837],
            [-90.22321, 38.68935],
            [-90.22365, 38.69035],
            [-90.22495, 38.69346],
            [-90.22552, 38.69482],
            [-90.22606, 38.6959],
            [-90.22669, 38.69705],
            [-90.2269, 38.69741],
            [-90.22733, 38.69819],
            [-90.22838, 38.70028],
            [-90.22935, 38.7025],
            [-90.22981, 38.70356],
            [-90.22989, 38.70382],
            [-90.23003, 38.70444],
            [-90.2301, 38.70488],
            [-90.23011, 38.70514],
            [-90.23013, 38.70537],
            [-90.23037, 38.7056],
            [-90.23069, 38.70591],
            [-90.23101, 38.7062],
            [-90.23119, 38.70637],
            [-90.23141, 38.70655],
            [-90.23165, 38.70675],
            [-90.23191, 38.70696],
            [-90.23218, 38.70718],
            [-90.23275, 38.7076],
            [-90.23302, 38.70779],
            [-90.23359, 38.70816],
            [-90.23418, 38.70851],
            [-90.23446, 38.70868],
            [-90.23473, 38.70882],
            [-90.23528, 38.7091],
            [-90.23561, 38.70926],
            [-90.2364, 38.7096],
            [-90.23686, 38.70979],
            [-90.23731, 38.70998],
            [-90.23774, 38.71014],
            [-90.23811, 38.71028],
            [-90.23869, 38.71048],
            [-90.2394, 38.71072],
            [-90.24024, 38.711],
            [-90.24117, 38.71131],
            [-90.24208, 38.71162],
            [-90.24246, 38.71175],
            [-90.24317, 38.71198],
            [-90.24401, 38.71227],
            [-90.24943, 38.70677],
            [-90.24105, 38.69717],
            [-90.23913, 38.69498],
            [-90.23795, 38.69342],
            [-90.23048, 38.68487],
            [-90.22986, 38.68424],
            [-90.22934, 38.68387],
            [-90.22779, 38.68309]
          ]
        ]
      },
      "properties": {
        "NHD_NAME": "Bellefontaine/Calvary Cemetery",
        "NHD_NUMTXT": "86 Bellefontaine/Calvary Cemetery",
        "ANGLE": 0,
        "NHD_NUM_ST": "",
        "NHD_NUM": 86
      }
    },
    {
      "type": "Feature",
      "geometry": {
        "type": "Polygon",
        "coordinates": [
          [
            [-90.26086, 38.69792],
            [-90.26077, 38.69802],
            [-90.26058, 38.69817],
            [-90.26053, 38.69826],
            [-90.2603, 38.69858],
            [-90.26021, 38.6987],
            [-90.26005, 38.69888],
            [-90.25997, 38.69895],
            [-90.25969, 38.69918],
            [-90.25954, 38.69928],
            [-90.25906, 38.69959],
            [-90.25439, 38.70241],
            [-90.25275, 38.70339],
            [-90.24943, 38.70677],
            [-90.25501, 38.71312],
            [-90.25533, 38.71348],
            [-90.25578, 38.71379],
            [-90.25651, 38.71287],
            [-90.26404, 38.70337],
            [-90.26573, 38.70124],
            [-90.26559, 38.70118],
            [-90.26404, 38.70054],
            [-90.26376, 38.70042],
            [-90.26342, 38.70027],
            [-90.26319, 38.70016],
            [-90.2629, 38.7],
            [-90.26259, 38.69981],
            [-90.26226, 38.69959],
            [-90.26191, 38.69929],
            [-90.26166, 38.69904],
            [-90.26139, 38.69874],
            [-90.26124, 38.69854],
            [-90.26098, 38.69815],
            [-90.26086, 38.69792]
          ]
        ]
      },
      "properties": {
        "NHD_NAME": "Walnut Park West",
        "NHD_NUMTXT": "76 Walnut Park West",
        "ANGLE": 0,
        "NHD_NUM_ST": "",
        "NHD_NUM": 76
      }
    },
    {
      "type": "Feature",
      "geometry": {
        "type": "Polygon",
        "coordinates": [
          [
            [-90.24401, 38.71227],
            [-90.24181, 38.7145],
            [-90.24167, 38.71468],
            [-90.24155, 38.71489],
            [-90.24145, 38.71529],
            [-90.24059, 38.72015],
            [-90.24021, 38.72214],
            [-90.24013, 38.72214],
            [-90.24001, 38.72216],
            [-90.23996, 38.72218],
            [-90.23988, 38.72221],
            [-90.2398, 38.72226],
            [-90.23974, 38.72233],
            [-90.23969, 38.72242],
            [-90.23967, 38.72248],
            [-90.23967, 38.72258],
            [-90.23969, 38.72266],
            [-90.2397, 38.72268],
            [-90.23976, 38.72276],
            [-90.23977, 38.72277],
            [-90.23983, 38.72282],
            [-90.23988, 38.72285],
            [-90.23995, 38.72289],
            [-90.24003, 38.72291],
            [-90.23984, 38.72349],
            [-90.24058, 38.7232],
            [-90.24394, 38.7219],
            [-90.24636, 38.72095],
            [-90.25175, 38.71885],
            [-90.25225, 38.71822],
            [-90.25316, 38.71708],
            [-90.25478, 38.71504],
            [-90.25578, 38.71379],
            [-90.25533, 38.71348],
            [-90.25501, 38.71312],
            [-90.24943, 38.70677],
            [-90.24401, 38.71227]
          ]
        ]
      },
      "properties": {
        "NHD_NAME": "North Pointe",
        "NHD_NUMTXT": "73 North Pointe",
        "ANGLE": 0,
        "NHD_NUM_ST": "",
        "NHD_NUM": 73
      }
    },
    {
      "type": "Feature",
      "geometry": {
        "type": "Polygon",
        "coordinates": [
          [
            [-90.21115, 38.67962],
            [-90.21039, 38.68003],
            [-90.19897, 38.68608],
            [-90.19865, 38.68625],
            [-90.19867, 38.68628],
            [-90.20701, 38.69358],
            [-90.2064, 38.69406],
            [-90.2129, 38.70215],
            [-90.21338, 38.70274],
            [-90.21553, 38.70753],
            [-90.21694, 38.713],
            [-90.21591, 38.72227],
            [-90.21465, 38.72563],
            [-90.21425, 38.72696],
            [-90.21462, 38.72705],
            [-90.21514, 38.72717],
            [-90.21538, 38.7272],
            [-90.21583, 38.72727],
            [-90.21638, 38.72736],
            [-90.21675, 38.72742],
            [-90.21705, 38.72746],
            [-90.21747, 38.72746],
            [-90.21763, 38.72745],
            [-90.21802, 38.72744],
            [-90.21834, 38.72746],
            [-90.21868, 38.72752],
            [-90.21887, 38.72758],
            [-90.21917, 38.72773],
            [-90.22018, 38.72846],
            [-90.22097, 38.72915],
            [-90.22157, 38.72877],
            [-90.22223, 38.72833],
            [-90.22275, 38.72795],
            [-90.2229, 38.72767],
            [-90.22299, 38.72756],
            [-90.2232, 38.72738],
            [-90.22399, 38.72686],
            [-90.22418, 38.72673],
            [-90.22439, 38.72656],
            [-90.22464, 38.72633],
            [-90.22494, 38.72602],
            [-90.22518, 38.72572],
            [-90.22542, 38.72536],
            [-90.22548, 38.72526],
            [-90.22568, 38.72477],
            [-90.2258, 38.7243],
            [-90.22596, 38.72343],
            [-90.22715, 38.71643],
            [-90.22783, 38.71245],
            [-90.22791, 38.71199],
            [-90.22799, 38.71144],
            [-90.22799, 38.71094],
            [-90.22792, 38.71041],
            [-90.2278, 38.71001],
            [-90.22766, 38.70968],
            [-90.22725, 38.70896],
            [-90.22701, 38.70862],
            [-90.22673, 38.70828],
            [-90.22616, 38.70763],
            [-90.22491, 38.70617],
            [-90.2225, 38.70345],
            [-90.22605, 38.70147],
            [-90.22666, 38.70121],
            [-90.22838, 38.70028],
            [-90.22733, 38.69819],
            [-90.2269, 38.69741],
            [-90.22669, 38.69705],
            [-90.22606, 38.6959],
            [-90.22552, 38.69482],
            [-90.22495, 38.69346],
            [-90.22365, 38.69035],
            [-90.22321, 38.68935],
            [-90.22261, 38.68837],
            [-90.22193, 38.68751],
            [-90.22141, 38.687],
            [-90.22053, 38.68632],
            [-90.22233, 38.68542],
            [-90.22418, 38.68443],
            [-90.22463, 38.68419],
            [-90.22502, 38.6839],
            [-90.22545, 38.68351],
            [-90.2257, 38.68324],
            [-90.2258, 38.68323],
            [-90.22602, 38.6832],
            [-90.22657, 38.68314],
            [-90.22779, 38.68309],
            [-90.22653, 38.68246],
            [-90.22629, 38.68234],
            [-90.22603, 38.68221],
            [-90.22582, 38.68206],
            [-90.22555, 38.68188],
            [-90.22547, 38.6818],
            [-90.2211, 38.68412],
            [-90.22099, 38.68413],
            [-90.22057, 38.68412],
            [-90.22025, 38.6841],
            [-90.21969, 38.68404],
            [-90.21917, 38.68395],
            [-90.21881, 38.68387],
            [-90.21842, 38.68376],
            [-90.21808, 38.68364],
            [-90.21771, 38.68349],
            [-90.21754, 38.68342],
            [-90.21745, 38.68338],
            [-90.217, 38.68315],
            [-90.21674, 38.683],
            [-90.21604, 38.68258],
            [-90.21483, 38.68185],
            [-90.21292, 38.68069],
            [-90.21125, 38.67967],
            [-90.21115, 38.67962]
          ]
        ]
      },
      "properties": {
        "NHD_NAME": "North Riverfront",
        "NHD_NUMTXT": "79 North Riverfront",
        "ANGLE": 0,
        "NHD_NUM_ST": "",
        "NHD_NUM": 79
      }
    },
    {
      "type": "Feature",
      "geometry": {
        "type": "Polygon",
        "coordinates": [
          [
            [-90.22838, 38.70028],
            [-90.22666, 38.70121],
            [-90.22605, 38.70147],
            [-90.2225, 38.70345],
            [-90.22491, 38.70617],
            [-90.22616, 38.70763],
            [-90.22673, 38.70828],
            [-90.22701, 38.70862],
            [-90.22725, 38.70896],
            [-90.22766, 38.70968],
            [-90.2278, 38.71001],
            [-90.22792, 38.71041],
            [-90.22799, 38.71094],
            [-90.22799, 38.71144],
            [-90.22791, 38.71199],
            [-90.22783, 38.71245],
            [-90.22715, 38.71643],
            [-90.22596, 38.72343],
            [-90.2258, 38.7243],
            [-90.22568, 38.72477],
            [-90.22548, 38.72526],
            [-90.22542, 38.72536],
            [-90.22518, 38.72572],
            [-90.22494, 38.72602],
            [-90.22464, 38.72633],
            [-90.22439, 38.72656],
            [-90.22418, 38.72673],
            [-90.22399, 38.72686],
            [-90.2232, 38.72738],
            [-90.22299, 38.72756],
            [-90.2229, 38.72767],
            [-90.22275, 38.72795],
            [-90.22223, 38.72833],
            [-90.22157, 38.72877],
            [-90.22097, 38.72915],
            [-90.22183, 38.7299],
            [-90.22188, 38.72995],
            [-90.22193, 38.73],
            [-90.22195, 38.73004],
            [-90.22196, 38.73006],
            [-90.22434, 38.7291],
            [-90.22834, 38.72805],
            [-90.22845, 38.728],
            [-90.23135, 38.72674],
            [-90.2342, 38.72569],
            [-90.23984, 38.72349],
            [-90.24003, 38.72291],
            [-90.23995, 38.72289],
            [-90.23988, 38.72285],
            [-90.23983, 38.72282],
            [-90.23977, 38.72277],
            [-90.23976, 38.72276],
            [-90.2397, 38.72268],
            [-90.23969, 38.72266],
            [-90.23967, 38.72258],
            [-90.23967, 38.72248],
            [-90.23969, 38.72242],
            [-90.23974, 38.72233],
            [-90.2398, 38.72226],
            [-90.23988, 38.72221],
            [-90.23996, 38.72218],
            [-90.24001, 38.72216],
            [-90.24013, 38.72214],
            [-90.24021, 38.72214],
            [-90.24059, 38.72015],
            [-90.24145, 38.71529],
            [-90.24155, 38.71489],
            [-90.24167, 38.71468],
            [-90.24181, 38.7145],
            [-90.24401, 38.71227],
            [-90.24317, 38.71198],
            [-90.24246, 38.71175],
            [-90.24208, 38.71162],
            [-90.24117, 38.71131],
            [-90.24024, 38.711],
            [-90.2394, 38.71072],
            [-90.23869, 38.71048],
            [-90.23811, 38.71028],
            [-90.23774, 38.71014],
            [-90.23731, 38.70998],
            [-90.23686, 38.70979],
            [-90.2364, 38.7096],
            [-90.23561, 38.70926],
            [-90.23528, 38.7091],
            [-90.23473, 38.70882],
            [-90.23446, 38.70868],
            [-90.23418, 38.70851],
            [-90.23359, 38.70816],
            [-90.23302, 38.70779],
            [-90.23275, 38.7076],
            [-90.23218, 38.70718],
            [-90.23191, 38.70696],
            [-90.23165, 38.70675],
            [-90.23141, 38.70655],
            [-90.23119, 38.70637],
            [-90.23101, 38.7062],
            [-90.23069, 38.70591],
            [-90.23037, 38.7056],
            [-90.23013, 38.70537],
            [-90.23011, 38.70514],
            [-90.2301, 38.70488],
            [-90.23003, 38.70444],
            [-90.22989, 38.70382],
            [-90.22981, 38.70356],
            [-90.22935, 38.7025],
            [-90.22838, 38.70028]
          ]
        ]
      },
      "properties": {
        "NHD_NAME": "Baden",
        "NHD_NUMTXT": "74 Baden",
        "ANGLE": 0,
        "NHD_NUM_ST": "",
        "NHD_NUM": 74
      }
    },
    {
      "type": "Feature",
      "geometry": {
        "type": "Polygon",
        "coordinates": [
          [
            [-90.21425, 38.72696],
            [-90.21393, 38.728],
            [-90.21361, 38.72963],
            [-90.21216, 38.73193],
            [-90.21073, 38.73339],
            [-90.20793, 38.73594],
            [-90.20615, 38.73726],
            [-90.19864, 38.74218],
            [-90.19139, 38.74641],
            [-90.18835, 38.7481],
            [-90.18583, 38.74987],
            [-90.18444, 38.75123],
            [-90.18321, 38.75277],
            [-90.18263, 38.7543],
            [-90.18185, 38.75676],
            [-90.18106, 38.7602],
            [-90.17505, 38.77336],
            [-90.18418, 38.77434],
            [-90.18407, 38.77299],
            [-90.18384, 38.77056],
            [-90.1849, 38.76554],
            [-90.18504, 38.76485],
            [-90.18623, 38.76137],
            [-90.18712, 38.76024],
            [-90.18842, 38.75856],
            [-90.18861, 38.75835],
            [-90.18868, 38.75826],
            [-90.18883, 38.75811],
            [-90.18925, 38.75767],
            [-90.19197, 38.75478],
            [-90.19422, 38.75271],
            [-90.19541, 38.75162],
            [-90.19731, 38.74926],
            [-90.20209, 38.74498],
            [-90.20271, 38.74442],
            [-90.20789, 38.73977],
            [-90.20921, 38.73879],
            [-90.21263, 38.73621],
            [-90.21797, 38.73356],
            [-90.21834, 38.73339],
            [-90.21981, 38.73223],
            [-90.22147, 38.7305],
            [-90.22185, 38.7301],
            [-90.22196, 38.73006],
            [-90.22195, 38.73004],
            [-90.22193, 38.73],
            [-90.22188, 38.72995],
            [-90.22183, 38.7299],
            [-90.22097, 38.72915],
            [-90.22018, 38.72846],
            [-90.21917, 38.72773],
            [-90.21887, 38.72758],
            [-90.21868, 38.72752],
            [-90.21834, 38.72746],
            [-90.21802, 38.72744],
            [-90.21763, 38.72745],
            [-90.21747, 38.72746],
            [-90.21705, 38.72746],
            [-90.21675, 38.72742],
            [-90.21638, 38.72736],
            [-90.21583, 38.72727],
            [-90.21538, 38.7272],
            [-90.21514, 38.72717],
            [-90.21462, 38.72705],
            [-90.21425, 38.72696]
          ]
        ]
      },
      "properties": {
        "NHD_NAME": "Riverview",
        "NHD_NUMTXT": "75 Riverview",
        "ANGLE": 0,
        "NHD_NUM_ST": "",
        "NHD_NUM": 75
      }
    },
    {
      "type": "Feature",
      "geometry": {
        "type": "Polygon",
        "coordinates": [
          [
            [-90.26453, 38.62876],
            [-90.26447, 38.62921],
            [-90.26445, 38.62938],
            [-90.2645, 38.62965],
            [-90.2646, 38.62992],
            [-90.26475, 38.6302],
            [-90.2654, 38.63127],
            [-90.26604, 38.63232],
            [-90.26621, 38.63266],
            [-90.26641, 38.63315],
            [-90.26644, 38.6333],
            [-90.26652, 38.63394],
            [-90.26652, 38.63427],
            [-90.26646, 38.63473],
            [-90.26641, 38.63512],
            [-90.26564, 38.63972],
            [-90.26519, 38.64245],
            [-90.26483, 38.64395],
            [-90.26502, 38.64401],
            [-90.26518, 38.64405],
            [-90.26538, 38.64409],
            [-90.26583, 38.64415],
            [-90.26724, 38.64428],
            [-90.27465, 38.64502],
            [-90.28494, 38.64603],
            [-90.28473, 38.64746],
            [-90.28541, 38.64755],
            [-90.28611, 38.64764],
            [-90.28635, 38.64617],
            [-90.30062, 38.64758],
            [-90.30061, 38.64762],
            [-90.30061, 38.64766],
            [-90.30062, 38.6477],
            [-90.30064, 38.64774],
            [-90.30066, 38.64778],
            [-90.3007, 38.64782],
            [-90.30073, 38.64785],
            [-90.30077, 38.64787],
            [-90.30081, 38.64789],
            [-90.30086, 38.6479],
            [-90.30092, 38.64792],
            [-90.30102, 38.64735],
            [-90.30123, 38.64599],
            [-90.3014, 38.64517],
            [-90.30154, 38.6446],
            [-90.30159, 38.64442],
            [-90.30167, 38.64423],
            [-90.30269, 38.64151],
            [-90.30293, 38.64053],
            [-90.30316, 38.63945],
            [-90.30335, 38.63839],
            [-90.30351, 38.63731],
            [-90.30368, 38.63624],
            [-90.30381, 38.63539],
            [-90.3039, 38.635],
            [-90.3041, 38.63426],
            [-90.30429, 38.63362],
            [-90.30434, 38.6334],
            [-90.3045, 38.63268],
            [-90.30452, 38.63265],
            [-90.30399, 38.63261],
            [-90.30035, 38.63227],
            [-90.29955, 38.63217],
            [-90.29762, 38.63198],
            [-90.29649, 38.63187],
            [-90.29374, 38.63161],
            [-90.29124, 38.63137],
            [-90.28676, 38.63091],
            [-90.28501, 38.63074],
            [-90.27453, 38.62974],
            [-90.26453, 38.62876]
          ]
        ]
      },
      "properties": {
        "NHD_NAME": "Forest Park",
        "NHD_NUMTXT": "82 Forest Park",
        "ANGLE": 0,
        "NHD_NUM_ST": "",
        "NHD_NUM": 82
      }
    },
    {
      "type": "Feature",
      "geometry": {
        "type": "Polygon",
        "coordinates": [
          [
            [-90.27337, 38.65268],
            [-90.27349, 38.65271],
            [-90.27375, 38.65279],
            [-90.27431, 38.65292],
            [-90.27457, 38.65297],
            [-90.27914, 38.65343],
            [-90.28434, 38.65395],
            [-90.28436, 38.65384],
            [-90.28468, 38.65198],
            [-90.28473, 38.65158],
            [-90.28478, 38.65131],
            [-90.28501, 38.64986],
            [-90.28541, 38.64755],
            [-90.28473, 38.64746],
            [-90.28494, 38.64603],
            [-90.27465, 38.64502],
            [-90.27337, 38.65268]
          ]
        ]
      },
      "properties": {
        "NHD_NAME": "DeBaliviere Place",
        "NHD_NUMTXT": "47 DeBaliviere Place",
        "ANGLE": 0,
        "NHD_NUM_ST": "",
        "NHD_NUM": 47
      }
    },
    {
      "type": "Feature",
      "geometry": {
        "type": "Polygon",
        "coordinates": [
          [
            [-90.30092, 38.64792],
            [-90.30086, 38.6479],
            [-90.30081, 38.64789],
            [-90.30077, 38.64787],
            [-90.30073, 38.64785],
            [-90.3007, 38.64782],
            [-90.30066, 38.64778],
            [-90.30064, 38.64774],
            [-90.30062, 38.6477],
            [-90.30061, 38.64766],
            [-90.30061, 38.64762],
            [-90.30062, 38.64758],
            [-90.28635, 38.64617],
            [-90.28611, 38.64764],
            [-90.28541, 38.64755],
            [-90.28501, 38.64986],
            [-90.28478, 38.65131],
            [-90.28473, 38.65158],
            [-90.28468, 38.65198],
            [-90.28436, 38.65384],
            [-90.28434, 38.65395],
            [-90.29458, 38.65496],
            [-90.30181, 38.65565],
            [-90.30311, 38.64784],
            [-90.30133, 38.64765],
            [-90.30132, 38.64771],
            [-90.30128, 38.64778],
            [-90.30125, 38.64782],
            [-90.3012, 38.64786],
            [-90.30113, 38.64789],
            [-90.30109, 38.6479],
            [-90.30104, 38.64791],
            [-90.30097, 38.64792],
            [-90.30092, 38.64792]
          ]
        ]
      },
      "properties": {
        "NHD_NAME": "Skinker DeBaliviere",
        "NHD_NUMTXT": "46 Skinker DeBaliviere",
        "ANGLE": 0,
        "NHD_NUM_ST": "",
        "NHD_NUM": 46
      }
    },
    {
      "type": "Feature",
      "geometry": {
        "type": "Polygon",
        "coordinates": [
          [
            [-90.20168, 38.61876],
            [-90.19339, 38.61707],
            [-90.19297, 38.61709],
            [-90.19205, 38.61659],
            [-90.19202, 38.61663],
            [-90.19185, 38.61656],
            [-90.18807, 38.61475],
            [-90.18747, 38.61446],
            [-90.18131, 38.62917],
            [-90.18098, 38.63383],
            [-90.18148, 38.63388],
            [-90.1854, 38.63432],
            [-90.18562, 38.63433],
            [-90.18578, 38.63437],
            [-90.18609, 38.63443],
            [-90.18606, 38.63321],
            [-90.18614, 38.63323],
            [-90.18644, 38.6333],
            [-90.18656, 38.63334],
            [-90.18664, 38.63338],
            [-90.1869, 38.63352],
            [-90.18697, 38.63356],
            [-90.18715, 38.63362],
            [-90.18761, 38.63379],
            [-90.18809, 38.63391],
            [-90.19515, 38.63537],
            [-90.19538, 38.63545],
            [-90.19542, 38.63534],
            [-90.19578, 38.63427],
            [-90.19653, 38.63227],
            [-90.19674, 38.63177],
            [-90.19695, 38.63122],
            [-90.19825, 38.62746],
            [-90.19952, 38.62432],
            [-90.20168, 38.61884],
            [-90.20168, 38.61876]
          ]
        ]
      },
      "properties": {
        "NHD_NAME": "Downtown",
        "NHD_NUMTXT": "35 Downtown",
        "ANGLE": 0,
        "NHD_NUM_ST": "",
        "NHD_NUM": 35
      }
    },
    {
      "type": "Feature",
      "properties": {
        "NHD_NAME": "Clayton",
        "NHD_NUMTXT": "90 Clayton",
        "ANGLE": 0,
        "NHD_NUM_ST": "",
        "NHD_NUM": 90
      },
      "geometry": {
        "type": "Polygon",
        "coordinates": [
          [
            [-90.3538947, 38.6569024],
            [-90.3525375, 38.6553722],
            [-90.3524201, 38.6554336],
            [-90.3506026, 38.6563847],
            [-90.3497984, 38.6563225],
            [-90.34877, 38.6562429],
            [-90.350018, 38.648455],
            [-90.350974, 38.6413541],
            [-90.3509979, 38.6411765],
            [-90.3513777, 38.6391315],
            [-90.351256, 38.639139],
            [-90.351081, 38.639095],
            [-90.351021, 38.639081],
            [-90.351008, 38.639077],
            [-90.350937, 38.639056],
            [-90.350724, 38.638993],
            [-90.350653, 38.638972],
            [-90.350446, 38.638911],
            [-90.349925, 38.6387567],
            [-90.349828, 38.638728],
            [-90.349693, 38.638688],
            [-90.349623, 38.638667],
            [-90.349271, 38.638562],
            [-90.349218, 38.638548],
            [-90.349085, 38.638513],
            [-90.348898, 38.638469],
            [-90.348488, 38.638387],
            [-90.348136, 38.638334],
            [-90.347976, 38.638316],
            [-90.347748, 38.638292],
            [-90.347557, 38.638278],
            [-90.3474969, 38.6382458],
            [-90.347224, 38.638264],
            [-90.347159, 38.638257],
            [-90.3465842, 38.6382149],
            [-90.346564, 38.638201],
            [-90.345971, 38.638144],
            [-90.345575, 38.638107],
            [-90.345381, 38.638088],
            [-90.344802, 38.638032],
            [-90.344315, 38.637952],
            [-90.344299, 38.637955],
            [-90.344226, 38.637976],
            [-90.343879, 38.637942],
            [-90.34387, 38.637941],
            [-90.343752, 38.637931],
            [-90.343716, 38.637927],
            [-90.343608, 38.637917],
            [-90.343572, 38.637914],
            [-90.343515, 38.637908],
            [-90.3433756, 38.637895],
            [-90.343344, 38.637892],
            [-90.343288, 38.637887],
            [-90.342955, 38.637849],
            [-90.342753, 38.637827],
            [-90.342321, 38.637783],
            [-90.342076, 38.637766],
            [-90.341956, 38.637754],
            [-90.341624, 38.637722],
            [-90.341413, 38.637701],
            [-90.341252, 38.637686],
            [-90.341033, 38.637669],
            [-90.340814, 38.63766],
            [-90.340779, 38.63766],
            [-90.340568, 38.637661],
            [-90.340397, 38.637663],
            [-90.339886, 38.637672],
            [-90.339315, 38.637551],
            [-90.339206, 38.637677],
            [-90.339028, 38.637678],
            [-90.33845, 38.637687],
            [-90.338199, 38.637692],
            [-90.337709, 38.637704],
            [-90.336241, 38.637742],
            [-90.335335, 38.637745],
            [-90.334844, 38.6377671],
            [-90.3346147, 38.6377566],
            [-90.334515, 38.637733],
            [-90.3343535, 38.6377242],
            [-90.333847, 38.637626],
            [-90.333422, 38.637543],
            [-90.333059, 38.637473],
            [-90.332958, 38.637453],
            [-90.332657, 38.637395],
            [-90.332557, 38.637376],
            [-90.331994, 38.637266],
            [-90.330306, 38.636938],
            [-90.329744, 38.636829],
            [-90.329605, 38.636802],
            [-90.329188, 38.636721],
            [-90.32905, 38.636694],
            [-90.328707, 38.636627],
            [-90.327678, 38.636426],
            [-90.327335, 38.63636],
            [-90.327092, 38.636312],
            [-90.326363, 38.636171],
            [-90.325937, 38.636088],
            [-90.325943, 38.636085],
            [-90.32574, 38.636049],
            [-90.325152, 38.635935],
            [-90.324956, 38.635897],
            [-90.324771, 38.635861],
            [-90.324444, 38.635811],
            [-90.322907, 38.635577],
            [-90.322395, 38.6355],
            [-90.322224, 38.635474],
            [-90.321711, 38.635396],
            [-90.321541, 38.635371],
            [-90.32142, 38.635352],
            [-90.321171, 38.635314],
            [-90.321058, 38.635305],
            [-90.320937, 38.635296],
            [-90.320765, 38.635282],
            [-90.320331, 38.6352492],
            [-90.320077, 38.635231],
            [-90.320008, 38.6352257],
            [-90.319804, 38.63521],
            [-90.3195554, 38.6351909],
            [-90.319244, 38.635167],
            [-90.318987, 38.635136],
            [-90.318716, 38.635104],
            [-90.318677, 38.635099],
            [-90.318561, 38.635085],
            [-90.318523, 38.635081],
            [-90.318478, 38.635011],
            [-90.318345, 38.634804],
            [-90.318275, 38.634724],
            [-90.317944, 38.634706],
            [-90.317865, 38.634698],
            [-90.317115, 38.6346257],
            [-90.316612, 38.6345772],
            [-90.316558, 38.634572],
            [-90.316123, 38.63453],
            [-90.316062, 38.634527],
            [-90.315737, 38.634495],
            [-90.314582, 38.634384],
            [-90.3142201, 38.634347],
            [-90.313742, 38.634303],
            [-90.3125421, 38.6341768],
            [-90.31238, 38.634171],
            [-90.311926, 38.634128],
            [-90.31187, 38.634119],
            [-90.3118223, 38.6341145],
            [-90.311478, 38.634082],
            [-90.310134, 38.633957],
            [-90.3097301, 38.63392],
            [-90.309687, 38.633916],
            [-90.3096378, 38.633909],
            [-90.309552, 38.633903],
            [-90.309147, 38.633865],
            [-90.309013, 38.633853],
            [-90.308767, 38.633829],
            [-90.308032, 38.633758],
            [-90.30643, 38.633622],
            [-90.3060492, 38.6356942],
            [-90.3060332, 38.6357854],
            [-90.305861, 38.6367118],
            [-90.3055709, 38.6383078],
            [-90.305505, 38.638667],
            [-90.3054959, 38.6387168],
            [-90.3054231, 38.6391139],
            [-90.305421, 38.6391253],
            [-90.3048124, 38.6424444],
            [-90.3036496, 38.6448658],
            [-90.3036089, 38.6449505],
            [-90.3034148, 38.6461075],
            [-90.3033968, 38.6462148],
            [-90.3076945, 38.6466184],
            [-90.3079808, 38.6466453],
            [-90.3093412, 38.6467731],
            [-90.3099317, 38.6468308],
            [-90.315785, 38.6473923],
            [-90.315814, 38.647226],
            [-90.315881, 38.6469126],
            [-90.3159335, 38.6466672],
            [-90.3159912, 38.6463972],
            [-90.31609, 38.645886],
            [-90.3212828, 38.6463836],
            [-90.3225813, 38.6465393],
            [-90.3243557, 38.6466998],
            [-90.324448, 38.6467081],
            [-90.3258767, 38.6468373],
            [-90.3294195, 38.6471791],
            [-90.329289, 38.648185],
            [-90.329288, 38.648202],
            [-90.329288, 38.648256],
            [-90.329288, 38.648274],
            [-90.3292087, 38.648471],
            [-90.3290407, 38.6495799],
            [-90.3287824, 38.6512884],
            [-90.329822, 38.651389],
            [-90.3297988, 38.6515361],
            [-90.3296306, 38.6525404],
            [-90.3336741, 38.6529241],
            [-90.3351436, 38.6530938],
            [-90.3350299, 38.6538571],
            [-90.3349477, 38.6545048],
            [-90.3348192, 38.6557126],
            [-90.3346944, 38.656716],
            [-90.3351561, 38.6567512],
            [-90.3357036, 38.6568024],
            [-90.3363159, 38.6568606],
            [-90.3367063, 38.6568977],
            [-90.3369725, 38.6569229],
            [-90.3378179, 38.6570033],
            [-90.3379583, 38.6570252],
            [-90.3388759, 38.6571277],
            [-90.3392078, 38.6571614],
            [-90.3398532, 38.6572194],
            [-90.340107, 38.657209],
            [-90.340114, 38.657152],
            [-90.3401551, 38.6568259],
            [-90.3434827, 38.6571081],
            [-90.344282, 38.6571906],
            [-90.346149, 38.6573895],
            [-90.3480213, 38.6575213],
            [-90.3480133, 38.6575832],
            [-90.3479656, 38.657977],
            [-90.3502705, 38.6581378],
            [-90.3514539, 38.6582203],
            [-90.3523123, 38.6577568],
            [-90.3536544, 38.6570322],
            [-90.3538947, 38.6569024]
          ]
        ]
      }
    },
    {
      "type": "Feature",
      "properties": {
        "NHD_NAME": "University City",
        "NHD_NUMTXT": "91 University City",
        "ANGLE": 0,
        "NHD_NUM_ST": "",
        "NHD_NUM": 91
      },
      "geometry": {
        "type": "Polygon",
        "coordinates": [
          [
            [-90.366662, 38.6581099],
            [-90.3631765, 38.6581039],
            [-90.3631731, 38.6579646],
            [-90.3548122, 38.6579761],
            [-90.3538947, 38.6569024],
            [-90.3536544, 38.6570322],
            [-90.3523123, 38.6577568],
            [-90.3514539, 38.6582203],
            [-90.3502705, 38.6581378],
            [-90.3479656, 38.657977],
            [-90.3480133, 38.6575832],
            [-90.3480213, 38.6575213],
            [-90.346149, 38.6573895],
            [-90.344282, 38.6571906],
            [-90.3434827, 38.6571081],
            [-90.3401551, 38.6568259],
            [-90.340114, 38.657152],
            [-90.340107, 38.657209],
            [-90.3398532, 38.6572194],
            [-90.3392078, 38.6571614],
            [-90.3388759, 38.6571277],
            [-90.3379583, 38.6570252],
            [-90.3378179, 38.6570033],
            [-90.3369725, 38.6569229],
            [-90.3367063, 38.6568977],
            [-90.3363159, 38.6568606],
            [-90.3357036, 38.6568024],
            [-90.3351561, 38.6567512],
            [-90.3346944, 38.656716],
            [-90.3348192, 38.6557126],
            [-90.3349477, 38.6545048],
            [-90.3350299, 38.6538571],
            [-90.3351436, 38.6530938],
            [-90.3336741, 38.6529241],
            [-90.3296306, 38.6525404],
            [-90.3297988, 38.6515361],
            [-90.329822, 38.651389],
            [-90.3287824, 38.6512884],
            [-90.3290407, 38.6495799],
            [-90.3292087, 38.648471],
            [-90.329288, 38.648274],
            [-90.329288, 38.648256],
            [-90.329288, 38.648202],
            [-90.329289, 38.648185],
            [-90.3294195, 38.6471791],
            [-90.3258767, 38.6468373],
            [-90.324448, 38.6467081],
            [-90.3243557, 38.6466998],
            [-90.3225813, 38.6465393],
            [-90.3212828, 38.6463836],
            [-90.31609, 38.645886],
            [-90.3159912, 38.6463972],
            [-90.3159335, 38.6466672],
            [-90.315881, 38.6469126],
            [-90.315814, 38.647226],
            [-90.315785, 38.6473923],
            [-90.315738, 38.647594],
            [-90.315614, 38.648197],
            [-90.315573, 38.648399],
            [-90.315529, 38.64861],
            [-90.315398, 38.649246],
            [-90.315355, 38.649458],
            [-90.3153, 38.649724],
            [-90.31515, 38.650522],
            [-90.315058, 38.65095],
            [-90.314944, 38.651432],
            [-90.314907, 38.651594],
            [-90.313376, 38.651463],
            [-90.313356, 38.651462],
            [-90.312936, 38.651423],
            [-90.31275, 38.651399],
            [-90.312381, 38.651339],
            [-90.312199, 38.651302],
            [-90.311984, 38.651253],
            [-90.311709, 38.651189],
            [-90.311268, 38.651087],
            [-90.30998, 38.65079],
            [-90.308867, 38.650532],
            [-90.308253, 38.650391],
            [-90.307992, 38.650321],
            [-90.3077976, 38.6501634],
            [-90.3075443, 38.650121],
            [-90.3060933, 38.6499104],
            [-90.3054432, 38.6498141],
            [-90.3028539, 38.6494713],
            [-90.302413, 38.652214],
            [-90.302414, 38.652251],
            [-90.302374, 38.65251],
            [-90.302237, 38.653399],
            [-90.302214, 38.653551],
            [-90.302208, 38.653698],
            [-90.302188, 38.653915],
            [-90.30213, 38.654566],
            [-90.302114, 38.654751],
            [-90.302096, 38.654778],
            [-90.302072, 38.654793],
            [-90.30203, 38.654877],
            [-90.301987, 38.65494],
            [-90.301914, 38.655051],
            [-90.301824, 38.655497],
            [-90.301814, 38.655551],
            [-90.301718, 38.655654],
            [-90.3016234, 38.6557553],
            [-90.301563, 38.65582],
            [-90.3014526, 38.6559389],
            [-90.301098, 38.656321],
            [-90.300986, 38.656441],
            [-90.300944, 38.656488],
            [-90.300905, 38.65653],
            [-90.300788, 38.656656],
            [-90.300776, 38.656669],
            [-90.300749, 38.656698],
            [-90.300551, 38.65691],
            [-90.299957, 38.65755],
            [-90.29976, 38.657763],
            [-90.299713, 38.657813],
            [-90.29965, 38.65788],
            [-90.299323, 38.658233],
            [-90.299214, 38.658351],
            [-90.299144, 38.658439],
            [-90.299052, 38.658565],
            [-90.298585, 38.659221],
            [-90.298513, 38.659322],
            [-90.298503, 38.659345],
            [-90.29846, 38.659438],
            [-90.298394, 38.65958],
            [-90.298198, 38.660008],
            [-90.298134, 38.660152],
            [-90.298065, 38.660194],
            [-90.297864, 38.660336],
            [-90.297801, 38.660385],
            [-90.297551, 38.660377],
            [-90.297194, 38.660814],
            [-90.297077, 38.660962],
            [-90.297143, 38.660969],
            [-90.297417, 38.660998],
            [-90.297509, 38.661008],
            [-90.297498, 38.661023],
            [-90.297468, 38.661069],
            [-90.297458, 38.661085],
            [-90.297528, 38.6611],
            [-90.297741, 38.661147],
            [-90.297758, 38.661151],
            [-90.297814, 38.661151],
            [-90.297945, 38.661179],
            [-90.298338, 38.661263],
            [-90.29847, 38.661291],
            [-90.298462, 38.66134],
            [-90.298442, 38.661459],
            [-90.298422, 38.661587],
            [-90.298361, 38.661965],
            [-90.298334, 38.662134],
            [-90.298222, 38.662336],
            [-90.297887, 38.662946],
            [-90.297776, 38.663149],
            [-90.297769, 38.663329],
            [-90.297768, 38.663363],
            [-90.29779, 38.663492],
            [-90.297794, 38.663703],
            [-90.297794, 38.663861],
            [-90.297792, 38.663868],
            [-90.297752, 38.664045],
            [-90.297721, 38.6641],
            [-90.297632, 38.664266],
            [-90.297603, 38.664322],
            [-90.297885, 38.664347],
            [-90.298731, 38.664425],
            [-90.299014, 38.664451],
            [-90.299704, 38.664536],
            [-90.300013, 38.664631],
            [-90.302257, 38.664902],
            [-90.302249, 38.664954],
            [-90.302244, 38.665],
            [-90.302228, 38.665113],
            [-90.302221, 38.665166],
            [-90.302138, 38.665278],
            [-90.302169, 38.665484],
            [-90.302039, 38.665464],
            [-90.302089, 38.665773],
            [-90.302112, 38.665826],
            [-90.30209, 38.665954],
            [-90.302085, 38.665988],
            [-90.302032, 38.666342],
            [-90.302013, 38.666472],
            [-90.302098, 38.66668],
            [-90.302234, 38.667012],
            [-90.302356, 38.667307],
            [-90.302443, 38.667516],
            [-90.302507, 38.667671],
            [-90.302607, 38.667909],
            [-90.302565, 38.668047],
            [-90.302534, 38.668147],
            [-90.302486, 38.668309],
            [-90.302442, 38.668454],
            [-90.30231, 38.668891],
            [-90.302267, 38.669037],
            [-90.302257, 38.66907],
            [-90.302228, 38.669168],
            [-90.302219, 38.669202],
            [-90.302168, 38.669371],
            [-90.302017, 38.669878],
            [-90.301967, 38.670048],
            [-90.302511, 38.670105],
            [-90.302516, 38.670106],
            [-90.302557, 38.67011],
            [-90.304327, 38.670298],
            [-90.304918, 38.670361],
            [-90.305158, 38.670391],
            [-90.305878, 38.670484],
            [-90.306118, 38.670515],
            [-90.30647, 38.670547],
            [-90.307526, 38.670646],
            [-90.307878, 38.670679],
            [-90.308252, 38.670718],
            [-90.309376, 38.670835],
            [-90.309561, 38.670855],
            [-90.309751, 38.670875],
            [-90.30974, 38.670943],
            [-90.309728, 38.671013],
            [-90.309719, 38.671069],
            [-90.309666, 38.671431],
            [-90.309646, 38.671571],
            [-90.309613, 38.671769],
            [-90.309569, 38.67204],
            [-90.309516, 38.672363],
            [-90.309485, 38.672562],
            [-90.309478, 38.6726],
            [-90.30946, 38.672713],
            [-90.309454, 38.672752],
            [-90.309823, 38.672758],
            [-90.31093, 38.672779],
            [-90.3113, 38.672786],
            [-90.311498, 38.672821],
            [-90.312092, 38.672927],
            [-90.31229, 38.672963],
            [-90.312333, 38.672971],
            [-90.312493, 38.673002],
            [-90.313104, 38.673122],
            [-90.313308, 38.673162],
            [-90.313641, 38.673219],
            [-90.314642, 38.67339],
            [-90.314976, 38.673447],
            [-90.314961, 38.673541],
            [-90.314915, 38.673826],
            [-90.314901, 38.673921],
            [-90.314874, 38.674087],
            [-90.314795, 38.674586],
            [-90.314769, 38.674753],
            [-90.314729, 38.675001],
            [-90.314611, 38.675746],
            [-90.314573, 38.675995],
            [-90.314825, 38.675997],
            [-90.315581, 38.676005],
            [-90.315834, 38.676008],
            [-90.31605, 38.67601],
            [-90.316701, 38.676016],
            [-90.316919, 38.676018],
            [-90.317147, 38.67602],
            [-90.317834, 38.676026],
            [-90.317914, 38.675551],
            [-90.319047, 38.675957],
            [-90.319157, 38.675968],
            [-90.319487, 38.676001],
            [-90.319598, 38.676013],
            [-90.319822, 38.676029],
            [-90.320497, 38.67608],
            [-90.320614, 38.675751],
            [-90.32104, 38.6761],
            [-90.321994, 38.676111],
            [-90.322313, 38.676115],
            [-90.322513, 38.676109],
            [-90.322642, 38.676106],
            [-90.323116, 38.67611],
            [-90.323318, 38.676112],
            [-90.32347, 38.676113],
            [-90.323906, 38.676118],
            [-90.323929, 38.676118],
            [-90.324082, 38.676119],
            [-90.32408, 38.676141],
            [-90.324077, 38.676207],
            [-90.324076, 38.67623],
            [-90.324046, 38.676596],
            [-90.323959, 38.677696],
            [-90.32393, 38.678063],
            [-90.323927, 38.678603],
            [-90.323921, 38.679994],
            [-90.324109, 38.680127],
            [-90.324551, 38.68044],
            [-90.324944, 38.680648],
            [-90.326125, 38.681272],
            [-90.326519, 38.68148],
            [-90.32737, 38.682001],
            [-90.328792, 38.682838],
            [-90.330139, 38.682868],
            [-90.331074, 38.682757],
            [-90.333461, 38.682791],
            [-90.333467, 38.682948],
            [-90.336926, 38.68278],
            [-90.337087, 38.681967],
            [-90.337178, 38.681512],
            [-90.337257, 38.681516],
            [-90.337299, 38.681519],
            [-90.337494, 38.681538],
            [-90.337574, 38.681546],
            [-90.33794, 38.681583],
            [-90.338225, 38.681621],
            [-90.338765, 38.681702],
            [-90.341583, 38.682127],
            [-90.341755, 38.682153],
            [-90.342302, 38.682236],
            [-90.342332, 38.68224],
            [-90.3423576, 38.6822438],
            [-90.342528, 38.682269],
            [-90.342813, 38.682312],
            [-90.343521, 38.68242],
            [-90.344234, 38.682527],
            [-90.345469, 38.682713],
            [-90.346375, 38.682849],
            [-90.347089, 38.682957],
            [-90.34723, 38.682978],
            [-90.347238, 38.682979],
            [-90.347688, 38.683047],
            [-90.3478122, 38.683065],
            [-90.347899, 38.683079],
            [-90.348083, 38.683106],
            [-90.348145, 38.683116],
            [-90.348185, 38.683122],
            [-90.348309, 38.68314],
            [-90.34835, 38.683147],
            [-90.3489608, 38.6831956],
            [-90.349609, 38.683296],
            [-90.349645, 38.683302],
            [-90.350093, 38.683373],
            [-90.350378, 38.683412],
            [-90.350494, 38.683424],
            [-90.350766, 38.683437],
            [-90.350996, 38.683438],
            [-90.351242, 38.683428],
            [-90.351525, 38.6834],
            [-90.351786, 38.683361],
            [-90.352088, 38.683307],
            [-90.352489, 38.683209],
            [-90.352933, 38.683065],
            [-90.353172, 38.682973],
            [-90.353319, 38.682909],
            [-90.353332, 38.682902],
            [-90.353481, 38.68283],
            [-90.353774, 38.682674],
            [-90.354056, 38.682501],
            [-90.354417, 38.682248],
            [-90.354459, 38.682214],
            [-90.354585, 38.682114],
            [-90.354628, 38.682081],
            [-90.354876, 38.6819],
            [-90.355623, 38.681357],
            [-90.355872, 38.681177],
            [-90.356104, 38.680996],
            [-90.356802, 38.680455],
            [-90.357035, 38.680275],
            [-90.357035, 38.68019],
            [-90.357035, 38.680175],
            [-90.357034, 38.679959],
            [-90.357034, 38.679935],
            [-90.357034, 38.679851],
            [-90.35763, 38.679351],
            [-90.359419, 38.67785],
            [-90.360016, 38.677351],
            [-90.360398, 38.676754],
            [-90.360996, 38.675825],
            [-90.361042, 38.674804],
            [-90.361074, 38.674097],
            [-90.361025, 38.672985],
            [-90.360963, 38.671589],
            [-90.360928, 38.670785],
            [-90.360878, 38.669652],
            [-90.360829, 38.668542],
            [-90.36093, 38.668565],
            [-90.361233, 38.668635],
            [-90.361335, 38.668659],
            [-90.36146, 38.668665],
            [-90.361506, 38.668668],
            [-90.361836, 38.668685],
            [-90.361962, 38.668692],
            [-90.362023, 38.668473],
            [-90.362205, 38.667819],
            [-90.362267, 38.667601],
            [-90.362466, 38.66684],
            [-90.362515, 38.666516],
            [-90.362515, 38.666111],
            [-90.362515, 38.6660191],
            [-90.362515, 38.665976],
            [-90.362489, 38.66528],
            [-90.362413, 38.663194],
            [-90.362388, 38.662499],
            [-90.36242, 38.66217],
            [-90.362519, 38.661186],
            [-90.362552, 38.660858],
            [-90.362822, 38.660853],
            [-90.363635, 38.66084],
            [-90.364016, 38.660751],
            [-90.364912, 38.660837],
            [-90.366158, 38.660838],
            [-90.366483, 38.660839],
            [-90.366625, 38.6608652],
            [-90.366662, 38.6581099]
          ]
        ]
      }
    },
    {
      "type": "Feature",
      "properties": {
        "NHD_NAME": "Maplewood",
        "NHD_NUMTXT": "92 Maplewood",
        "ANGLE": 0,
        "NHD_NUM_ST": "",
        "NHD_NUM": 92
      },
      "geometry": {
        "type": "Polygon",
        "coordinates": [
          [
            [-90.3353979, 38.6099656],
            [-90.3352162, 38.6096519],
            [-90.335196, 38.609268],
            [-90.335131, 38.609158],
            [-90.335117, 38.609073],
            [-90.335047, 38.608642],
            [-90.335067, 38.608102],
            [-90.335053, 38.607973],
            [-90.335016, 38.607615],
            [-90.334921, 38.607396],
            [-90.334727, 38.607161],
            [-90.334558, 38.606955],
            [-90.334399, 38.6066],
            [-90.3344, 38.606586],
            [-90.334401, 38.606536],
            [-90.334401, 38.606531],
            [-90.334405, 38.606424],
            [-90.334407, 38.606366],
            [-90.334409, 38.606312],
            [-90.334444, 38.605367],
            [-90.334454, 38.605115],
            [-90.334401, 38.604681],
            [-90.334247, 38.604191],
            [-90.33405, 38.603944],
            [-90.333716, 38.603666],
            [-90.333104, 38.603436],
            [-90.332883, 38.603372],
            [-90.332286, 38.603201],
            [-90.331963, 38.603187],
            [-90.330911, 38.603142],
            [-90.330706, 38.603084],
            [-90.329649, 38.602789],
            [-90.329134, 38.60275],
            [-90.32797, 38.602562],
            [-90.327528, 38.602389],
            [-90.327091, 38.602109],
            [-90.327086, 38.602104],
            [-90.326214, 38.601188],
            [-90.326196, 38.601169],
            [-90.325728, 38.60078],
            [-90.325287, 38.600608],
            [-90.324744, 38.600492],
            [-90.324432, 38.600426],
            [-90.324331, 38.60037],
            [-90.323335, 38.600293],
            [-90.322566, 38.599681],
            [-90.321556, 38.599036],
            [-90.321082, 38.598836],
            [-90.320704, 38.5988],
            [-90.32053, 38.59885],
            [-90.320291, 38.599027],
            [-90.320282, 38.599034],
            [-90.3200286, 38.5991926],
            [-90.3197417, 38.5992813],
            [-90.3191464, 38.5993779],
            [-90.3189021, 38.5994909],
            [-90.3188941, 38.5994946],
            [-90.3185231, 38.5994269],
            [-90.3162509, 38.6049955],
            [-90.3151687, 38.6076475],
            [-90.3147959, 38.6085611],
            [-90.3144062, 38.609516],
            [-90.3120701, 38.6152401],
            [-90.3108547, 38.618218],
            [-90.3102658, 38.6217215],
            [-90.3147206, 38.6221319],
            [-90.3152934, 38.6186921],
            [-90.3216727, 38.6192683],
            [-90.321612, 38.619528],
            [-90.321594, 38.61962],
            [-90.32159, 38.619637],
            [-90.321579, 38.619689],
            [-90.321576, 38.619707],
            [-90.321545, 38.619857],
            [-90.321453, 38.620308],
            [-90.321423, 38.620459],
            [-90.321401, 38.620569],
            [-90.321337, 38.620901],
            [-90.321316, 38.621012],
            [-90.321286, 38.621147],
            [-90.321219, 38.621455],
            [-90.321199, 38.621555],
            [-90.3211801, 38.6216508],
            [-90.321172, 38.621692],
            [-90.32113, 38.621898],
            [-90.3210784, 38.6221557],
            [-90.3210467, 38.6223138],
            [-90.3210432, 38.6223311],
            [-90.321006, 38.622517],
            [-90.320965, 38.622724],
            [-90.321208, 38.622725],
            [-90.321587, 38.622729],
            [-90.32194, 38.622731],
            [-90.322184, 38.622733],
            [-90.322414, 38.622734],
            [-90.323107, 38.622737],
            [-90.323338, 38.622739],
            [-90.323579, 38.62274],
            [-90.324304, 38.622746],
            [-90.324546, 38.622748],
            [-90.324743, 38.622748],
            [-90.325337, 38.622751],
            [-90.325535, 38.622752],
            [-90.325564, 38.622752],
            [-90.325651, 38.622752],
            [-90.325786, 38.622753],
            [-90.326491, 38.622756],
            [-90.326676, 38.622757],
            [-90.326727, 38.622757],
            [-90.328385, 38.622764],
            [-90.328598, 38.622765],
            [-90.329016, 38.622767],
            [-90.329175, 38.622769],
            [-90.329233, 38.62277],
            [-90.329654, 38.622777],
            [-90.329814, 38.62278],
            [-90.330071, 38.622778],
            [-90.330203, 38.622778],
            [-90.330841, 38.622774],
            [-90.331099, 38.622773],
            [-90.33121, 38.622772],
            [-90.331546, 38.62277],
            [-90.331658, 38.62277],
            [-90.331843, 38.622769],
            [-90.332399, 38.622767],
            [-90.332585, 38.622767],
            [-90.332771, 38.622766],
            [-90.3331244, 38.6227641],
            [-90.3332224, 38.6227636],
            [-90.333328, 38.622763],
            [-90.333515, 38.622762],
            [-90.333613, 38.622761],
            [-90.3338029, 38.6227604],
            [-90.333909, 38.62276],
            [-90.334008, 38.62276],
            [-90.33406, 38.622759],
            [-90.3342198, 38.6227552],
            [-90.334272, 38.622758],
            [-90.334305, 38.622757],
            [-90.334404, 38.622756],
            [-90.3344188, 38.6228098],
            [-90.334441, 38.622484],
            [-90.334449, 38.621668],
            [-90.334453, 38.621397],
            [-90.3344267, 38.6213234],
            [-90.334454, 38.621225],
            [-90.33446, 38.62071],
            [-90.334463, 38.620539],
            [-90.334463, 38.62051],
            [-90.334464, 38.620423],
            [-90.334465, 38.620395],
            [-90.334466, 38.62023],
            [-90.3344448, 38.6200369],
            [-90.3344291, 38.6198943],
            [-90.334471, 38.619737],
            [-90.334471, 38.619533],
            [-90.334473, 38.619563],
            [-90.334471, 38.619523],
            [-90.334396, 38.618893],
            [-90.334396, 38.618466],
            [-90.334398, 38.61801],
            [-90.334446, 38.61719],
            [-90.3344958, 38.6167775],
            [-90.334442, 38.61662],
            [-90.334356, 38.616187],
            [-90.334328, 38.616043],
            [-90.334255, 38.615675],
            [-90.334117, 38.614981],
            [-90.334025, 38.614576],
            [-90.333943, 38.614211],
            [-90.333904, 38.614038],
            [-90.333787, 38.613519],
            [-90.333748, 38.613347],
            [-90.333826, 38.613244],
            [-90.334061, 38.612934],
            [-90.33414, 38.612832],
            [-90.334119, 38.612805],
            [-90.334103, 38.612773],
            [-90.33404, 38.612643],
            [-90.334014, 38.612591],
            [-90.334009, 38.612586],
            [-90.333961, 38.612536],
            [-90.333839, 38.612409],
            [-90.333685, 38.61225],
            [-90.333658, 38.611947],
            [-90.333657, 38.611932],
            [-90.333515, 38.611952],
            [-90.333936, 38.611531],
            [-90.334029, 38.611432],
            [-90.334265, 38.611185],
            [-90.334391, 38.610922],
            [-90.334601, 38.610592],
            [-90.334881, 38.610455],
            [-90.334922, 38.610417],
            [-90.335161, 38.610197],
            [-90.335182, 38.610059],
            [-90.3351877, 38.6099689],
            [-90.3352879, 38.6099254],
            [-90.3353979, 38.6099656]
          ]
        ]
      }
    },
    {
      "type": "Feature",
      "properties": {
        "NHD_NAME": "Kirkwood",
        "NHD_NUMTXT": "93 Kirkwood",
        "ANGLE": 0,
        "NHD_NUM_ST": "",
        "NHD_NUM": 93
      },
      "geometry": {
        "type": "Polygon",
        "coordinates": [
          [
            [-90.454141, 38.557402],
            [-90.454137, 38.557353],
            [-90.454118, 38.557257],
            [-90.454105, 38.557209],
            [-90.454069, 38.557116],
            [-90.453996, 38.55698],
            [-90.453978, 38.556948],
            [-90.453946, 38.556809],
            [-90.453851, 38.556391],
            [-90.45382, 38.556253],
            [-90.453812, 38.556147],
            [-90.453791, 38.555832],
            [-90.453784, 38.555727],
            [-90.453785, 38.555653],
            [-90.453789, 38.555435],
            [-90.453791, 38.555362],
            [-90.453729, 38.555386],
            [-90.453625, 38.555431],
            [-90.453252, 38.555594],
            [-90.452878, 38.555756],
            [-90.452778, 38.5558],
            [-90.452679, 38.555843],
            [-90.452007, 38.556136],
            [-90.451486, 38.556362],
            [-90.451334, 38.556429],
            [-90.451261, 38.55646],
            [-90.451116, 38.556523],
            [-90.450972, 38.556586],
            [-90.450863, 38.556634],
            [-90.450754, 38.556681],
            [-90.450647, 38.556728],
            [-90.450392, 38.556839],
            [-90.450136, 38.55695],
            [-90.4468372, 38.5584673],
            [-90.4448103, 38.559342],
            [-90.4438803, 38.5597323],
            [-90.4435921, 38.5597197],
            [-90.443455, 38.5596995],
            [-90.4431307, 38.559591],
            [-90.4424895, 38.5594357],
            [-90.4424129, 38.5592879],
            [-90.4423142, 38.5592275],
            [-90.4422442, 38.5592142],
            [-90.442201, 38.5592712],
            [-90.4421609, 38.5591877],
            [-90.4419413, 38.5590434],
            [-90.4418114, 38.5589136],
            [-90.441102, 38.558025],
            [-90.440498, 38.557375],
            [-90.440365, 38.557232],
            [-90.438873, 38.554484],
            [-90.437519, 38.551397],
            [-90.437481, 38.551309],
            [-90.437027, 38.550256],
            [-90.436445, 38.549304],
            [-90.4356069, 38.5484906],
            [-90.4306113, 38.5484468],
            [-90.4305464, 38.5558386],
            [-90.4209692, 38.5557446],
            [-90.4209963, 38.5550031],
            [-90.4190136, 38.5549904],
            [-90.4186248, 38.5551992],
            [-90.4185508, 38.5594535],
            [-90.4162418, 38.5594218],
            [-90.4160614, 38.5593948],
            [-90.411975, 38.5593551],
            [-90.411505, 38.5593486],
            [-90.410687, 38.5593372],
            [-90.4100127, 38.5593278],
            [-90.4096517, 38.5593228],
            [-90.4092283, 38.5593244],
            [-90.4071294, 38.5593258],
            [-90.4071168, 38.5597277],
            [-90.4063967, 38.5597178],
            [-90.4020263, 38.5597239],
            [-90.4014775, 38.5597247],
            [-90.400593, 38.5598389],
            [-90.400455, 38.5598567],
            [-90.4000834, 38.5600461],
            [-90.3991008, 38.5606985],
            [-90.3983073, 38.5611427],
            [-90.397894, 38.5611983],
            [-90.3978801, 38.5613125],
            [-90.3976846, 38.5614108],
            [-90.397654, 38.5624846],
            [-90.3976147, 38.5638624],
            [-90.3975362, 38.5666286],
            [-90.397483, 38.567835],
            [-90.397344, 38.567834],
            [-90.397089, 38.567831],
            [-90.395908, 38.567819],
            [-90.395608, 38.567816],
            [-90.395515, 38.567815],
            [-90.395392, 38.567819],
            [-90.395316, 38.567821],
            [-90.395205, 38.567824],
            [-90.394886, 38.567836],
            [-90.39472, 38.567841],
            [-90.394586, 38.567846],
            [-90.394522, 38.567848],
            [-90.39433, 38.567854],
            [-90.393828, 38.567871],
            [-90.393754, 38.567873],
            [-90.393563, 38.56788],
            [-90.392918, 38.567852],
            [-90.392838, 38.567903],
            [-90.392728, 38.567907],
            [-90.392638, 38.56791],
            [-90.392374, 38.567919],
            [-90.39212, 38.567927],
            [-90.392041, 38.567929],
            [-90.391993, 38.567931],
            [-90.391842, 38.567936],
            [-90.391781, 38.567935],
            [-90.391732, 38.567935],
            [-90.391635, 38.567933],
            [-90.391602, 38.567932],
            [-90.391542, 38.567932],
            [-90.391541, 38.56796],
            [-90.39154, 38.568014],
            [-90.39153, 38.568393],
            [-90.391497, 38.569779],
            [-90.391487, 38.570241],
            [-90.39147, 38.570413],
            [-90.391422, 38.570932],
            [-90.391406, 38.571105],
            [-90.391387, 38.5712],
            [-90.391332, 38.571487],
            [-90.391324, 38.571534],
            [-90.391329, 38.571584],
            [-90.391343, 38.571708],
            [-90.391385, 38.57208],
            [-90.3914, 38.572205],
            [-90.391429, 38.57228],
            [-90.391445, 38.572337],
            [-90.391476, 38.572444],
            [-90.391492, 38.572555],
            [-90.391496, 38.572667],
            [-90.391494, 38.572722],
            [-90.391491, 38.572753],
            [-90.391485, 38.572856],
            [-90.391482, 38.572894],
            [-90.391469, 38.573095],
            [-90.391431, 38.573701],
            [-90.391423, 38.573841],
            [-90.391422, 38.573904],
            [-90.391418, 38.574054],
            [-90.39141, 38.574507],
            [-90.391408, 38.574658],
            [-90.391405, 38.574752],
            [-90.391399, 38.575036],
            [-90.391399, 38.575056],
            [-90.391399, 38.575131],
            [-90.391387, 38.575599],
            [-90.391381, 38.575839],
            [-90.391374, 38.577006],
            [-90.391372, 38.577475],
            [-90.391371, 38.577528],
            [-90.391369, 38.577689],
            [-90.391369, 38.577743],
            [-90.391366, 38.577887],
            [-90.391361, 38.57832],
            [-90.39136, 38.578465],
            [-90.391333, 38.579724],
            [-90.391265, 38.580791],
            [-90.391113, 38.582129],
            [-90.391229, 38.582143],
            [-90.391228, 38.5822],
            [-90.391224, 38.582311],
            [-90.391215, 38.582644],
            [-90.391215, 38.582677],
            [-90.391213, 38.582756],
            [-90.391212, 38.582803],
            [-90.391211, 38.582819],
            [-90.391209, 38.582898],
            [-90.391206, 38.583009],
            [-90.391205, 38.583073],
            [-90.391208, 38.583219],
            [-90.391216, 38.583594],
            [-90.391217, 38.583657],
            [-90.39122, 38.583804],
            [-90.391234, 38.58398],
            [-90.391276, 38.584511],
            [-90.391317, 38.584552],
            [-90.39131, 38.584567],
            [-90.391291, 38.584689],
            [-90.39129, 38.584688],
            [-90.391223, 38.584737],
            [-90.391221, 38.584787],
            [-90.391212, 38.585088],
            [-90.39121, 38.585189],
            [-90.39117, 38.585368],
            [-90.391053, 38.585905],
            [-90.391014, 38.586085],
            [-90.391014, 38.586115],
            [-90.391016, 38.586207],
            [-90.391017, 38.586238],
            [-90.391209, 38.586411],
            [-90.391311, 38.586503],
            [-90.391242, 38.587137],
            [-90.391239, 38.587166],
            [-90.391017, 38.587227],
            [-90.391025, 38.587278],
            [-90.391049, 38.587431],
            [-90.391057, 38.587482],
            [-90.391074, 38.587714],
            [-90.391127, 38.58841],
            [-90.391145, 38.588643],
            [-90.391166, 38.588963],
            [-90.391229, 38.589926],
            [-90.391251, 38.590247],
            [-90.391211, 38.590615],
            [-90.391139, 38.591299],
            [-90.391095, 38.591719],
            [-90.391056, 38.592088],
            [-90.391087, 38.592248],
            [-90.391183, 38.592728],
            [-90.391215, 38.592888],
            [-90.391223, 38.593048],
            [-90.391248, 38.593529],
            [-90.391257, 38.59369],
            [-90.391228, 38.594233],
            [-90.391145, 38.595862],
            [-90.391117, 38.596406],
            [-90.391163, 38.597136],
            [-90.391166, 38.59717],
            [-90.391021, 38.599326],
            [-90.390972, 38.600057],
            [-90.390969, 38.600198],
            [-90.390962, 38.600624],
            [-90.39096, 38.600766],
            [-90.390959, 38.600969],
            [-90.390955, 38.601579],
            [-90.390955, 38.601783],
            [-90.390989, 38.602016],
            [-90.391091, 38.602717],
            [-90.391126, 38.602951],
            [-90.391391, 38.603211],
            [-90.39173, 38.603219],
            [-90.392178, 38.603159],
            [-90.392889, 38.603065],
            [-90.394301, 38.602872],
            [-90.394798, 38.602858],
            [-90.395367, 38.602663],
            [-90.395616, 38.60266],
            [-90.39678, 38.602648],
            [-90.396778, 38.602697],
            [-90.396774, 38.602846],
            [-90.396773, 38.602896],
            [-90.396771, 38.602943],
            [-90.396767, 38.603085],
            [-90.396766, 38.603133],
            [-90.396765, 38.603156],
            [-90.396764, 38.603204],
            [-90.396763, 38.603228],
            [-90.396763, 38.603253],
            [-90.397202, 38.603269],
            [-90.39852, 38.603317],
            [-90.39896, 38.603333],
            [-90.399411, 38.603356],
            [-90.400765, 38.603428],
            [-90.401217, 38.603452],
            [-90.402224, 38.603445],
            [-90.402402, 38.603444],
            [-90.405243, 38.603573],
            [-90.40625, 38.60362],
            [-90.4063352, 38.6036227],
            [-90.4066155, 38.603632],
            [-90.408161, 38.603681],
            [-90.4105178, 38.6036431],
            [-90.4157387, 38.603702],
            [-90.4157359, 38.604497],
            [-90.4156954, 38.6044992],
            [-90.4156782, 38.6061547],
            [-90.4156217, 38.6064745],
            [-90.4174337, 38.6065035],
            [-90.425196, 38.6065886],
            [-90.4252444, 38.5997697],
            [-90.4252669, 38.5964723],
            [-90.4439946, 38.5966808],
            [-90.4440573, 38.5905389],
            [-90.4441805, 38.5899009],
            [-90.4443879, 38.5893882],
            [-90.445268, 38.5878618],
            [-90.4453715, 38.5875123],
            [-90.4453811, 38.5872209],
            [-90.4452671, 38.5868134],
            [-90.4450336, 38.5864518],
            [-90.4439023, 38.5855961],
            [-90.4437614, 38.5854443],
            [-90.4437036, 38.5853686],
            [-90.4438776, 38.5852882],
            [-90.4436088, 38.584696],
            [-90.4437204, 38.5837802],
            [-90.4441497, 38.5819617],
            [-90.4460371, 38.581987],
            [-90.4466543, 38.5816645],
            [-90.4468054, 38.5816667],
            [-90.4466376, 38.5811358],
            [-90.4466048, 38.5801258],
            [-90.4464324, 38.5795317],
            [-90.4465471, 38.5792179],
            [-90.4458556, 38.578022],
            [-90.4458054, 38.5780408],
            [-90.4442258, 38.5759836],
            [-90.4442714, 38.5741947],
            [-90.4451806, 38.5739324],
            [-90.445483, 38.5737198],
            [-90.4478075, 38.5731167],
            [-90.4485111, 38.573122],
            [-90.448994, 38.5730463],
            [-90.4500085, 38.57277],
            [-90.4508437, 38.5726636],
            [-90.4524511, 38.5725646],
            [-90.4536683, 38.5726128],
            [-90.453659, 38.572236],
            [-90.453664, 38.571833],
            [-90.453666, 38.571699],
            [-90.453739, 38.57122],
            [-90.453959, 38.569782],
            [-90.454033, 38.569304],
            [-90.454005, 38.569169],
            [-90.453922, 38.568764],
            [-90.453895, 38.56863],
            [-90.453898, 38.568452],
            [-90.4535379, 38.5679719],
            [-90.4536398, 38.5677958],
            [-90.4536291, 38.5676448],
            [-90.4536237, 38.567498],
            [-90.4537149, 38.5673763],
            [-90.4537364, 38.5671205],
            [-90.4537632, 38.5670576],
            [-90.4537257, 38.5669527],
            [-90.4536935, 38.5667682],
            [-90.4537257, 38.566613],
            [-90.453554, 38.5662942],
            [-90.4536237, 38.5656776],
            [-90.4537042, 38.5652792],
            [-90.4537525, 38.5652037],
            [-90.4538651, 38.5650065],
            [-90.4538168, 38.5648345],
            [-90.454027, 38.565091],
            [-90.453925, 38.56476],
            [-90.453892, 38.56465],
            [-90.453894, 38.564614],
            [-90.4539044, 38.5644105],
            [-90.4539254, 38.5640002],
            [-90.453933, 38.563853],
            [-90.4539592, 38.5633554],
            [-90.454059, 38.561462],
            [-90.454101, 38.560666],
            [-90.454084, 38.560606],
            [-90.454086, 38.56049],
            [-90.454096, 38.559917],
            [-90.454136, 38.557665],
            [-90.454141, 38.557402]
          ]
        ]
      }
    },
    {
      "type": "Feature",
      "properties": {
        "NHD_NAME": "Webster Groves",
        "NHD_NUMTXT": "94 Webster Groves",
        "ANGLE": 0,
        "NHD_NUM_ST": "",
        "NHD_NUM": 94
      },
      "geometry": {
        "type": "Polygon",
        "coordinates": [
          [
            [-90.377309, 38.574922],
            [-90.377302, 38.574645],
            [-90.377283, 38.573817],
            [-90.377283, 38.573772],
            [-90.377268, 38.573651],
            [-90.377249, 38.573586],
            [-90.377238, 38.573547],
            [-90.377225, 38.573502],
            [-90.377207, 38.57344],
            [-90.377203, 38.573424],
            [-90.377122, 38.573331],
            [-90.377002, 38.573209],
            [-90.376114, 38.572307],
            [-90.375819, 38.572007],
            [-90.37577, 38.571957],
            [-90.375624, 38.571809],
            [-90.375576, 38.57176],
            [-90.375478, 38.571665],
            [-90.375244, 38.571438],
            [-90.374248, 38.570473],
            [-90.373917, 38.570152],
            [-90.373749, 38.56999],
            [-90.373328, 38.569583],
            [-90.373229, 38.569639],
            [-90.373154, 38.569683],
            [-90.373039, 38.569594],
            [-90.37302, 38.569558],
            [-90.372966, 38.56945],
            [-90.372948, 38.569415],
            [-90.372847, 38.569308],
            [-90.372544, 38.568989],
            [-90.372444, 38.568883],
            [-90.372333, 38.568765],
            [-90.372027, 38.568438],
            [-90.372026, 38.568401],
            [-90.372025, 38.56824],
            [-90.372135, 38.568159],
            [-90.372467, 38.567917],
            [-90.372578, 38.567837],
            [-90.372545, 38.5678],
            [-90.372447, 38.567691],
            [-90.372415, 38.567655],
            [-90.372286, 38.567665],
            [-90.372106, 38.56768],
            [-90.371902, 38.567697],
            [-90.371774, 38.567708],
            [-90.37175, 38.567709],
            [-90.371681, 38.567715],
            [-90.371658, 38.567717],
            [-90.371596, 38.567653],
            [-90.371551, 38.567607],
            [-90.37141, 38.56746],
            [-90.371313, 38.567224],
            [-90.371256, 38.567083],
            [-90.371282, 38.567074],
            [-90.371361, 38.567046],
            [-90.371388, 38.567038],
            [-90.371424, 38.567025],
            [-90.371535, 38.566988],
            [-90.371547, 38.566985],
            [-90.371572, 38.566974],
            [-90.371603, 38.56696],
            [-90.371652, 38.566923],
            [-90.371688, 38.566878],
            [-90.371709, 38.566828],
            [-90.371714, 38.566776],
            [-90.371711, 38.566762],
            [-90.371703, 38.566723],
            [-90.371651, 38.56663],
            [-90.37152, 38.566446],
            [-90.37142, 38.566328],
            [-90.371212, 38.566119],
            [-90.37102, 38.565925],
            [-90.370897, 38.565802],
            [-90.370702, 38.565605],
            [-90.370605, 38.565555],
            [-90.370543, 38.565552],
            [-90.370476, 38.565575],
            [-90.370313, 38.565633],
            [-90.370246, 38.565482],
            [-90.370046, 38.56503],
            [-90.36998, 38.56488],
            [-90.369899, 38.564722],
            [-90.369656, 38.56425],
            [-90.369651, 38.564239],
            [-90.369812, 38.564206],
            [-90.369824, 38.564203],
            [-90.369859, 38.564195],
            [-90.369872, 38.564193],
            [-90.369961, 38.564172],
            [-90.370229, 38.564111],
            [-90.370319, 38.564091],
            [-90.370214, 38.564013],
            [-90.370149, 38.563955],
            [-90.370114, 38.563923],
            [-90.369683, 38.563501],
            [-90.36962, 38.563439],
            [-90.369594, 38.563314],
            [-90.369417, 38.563314],
            [-90.368888, 38.563316],
            [-90.368712, 38.563318],
            [-90.368473, 38.563319],
            [-90.367755, 38.563323],
            [-90.3675062, 38.5633254],
            [-90.3675235, 38.5632984],
            [-90.367637, 38.563134],
            [-90.367996, 38.562562],
            [-90.368117, 38.562252],
            [-90.368102, 38.562245],
            [-90.367613, 38.562575],
            [-90.366623, 38.562975],
            [-90.366293, 38.563109],
            [-90.365284, 38.563516],
            [-90.365007, 38.563629],
            [-90.364667, 38.563747],
            [-90.3637894, 38.5639682],
            [-90.362136, 38.564347],
            [-90.362125, 38.564348],
            [-90.3611715, 38.5645147],
            [-90.3611003, 38.5645264],
            [-90.3609483, 38.5645486],
            [-90.360701, 38.56457],
            [-90.360634, 38.564581],
            [-90.3599023, 38.564719],
            [-90.359268, 38.564829],
            [-90.359247, 38.564832],
            [-90.359184, 38.564844],
            [-90.3591655, 38.5647926],
            [-90.359164, 38.564848],
            [-90.35823, 38.564999],
            [-90.35806, 38.565026],
            [-90.357011, 38.565197],
            [-90.355741, 38.565403],
            [-90.355532, 38.565437],
            [-90.354912, 38.565538],
            [-90.354448, 38.565612],
            [-90.353372, 38.565787],
            [-90.353059, 38.565836],
            [-90.352596, 38.565909],
            [-90.352313, 38.565952],
            [-90.351464, 38.566085],
            [-90.351182, 38.56613],
            [-90.350577, 38.566225],
            [-90.349796, 38.566348],
            [-90.348764, 38.566517],
            [-90.34816, 38.566617],
            [-90.347995, 38.566643],
            [-90.347502, 38.566725],
            [-90.347338, 38.566752],
            [-90.347008, 38.566805],
            [-90.346021, 38.566968],
            [-90.345692, 38.567023],
            [-90.345303, 38.567086],
            [-90.344136, 38.567279],
            [-90.343748, 38.567343],
            [-90.343386, 38.567402],
            [-90.342303, 38.567581],
            [-90.3420199, 38.5676255],
            [-90.341927, 38.5676408],
            [-90.3416582, 38.5676823],
            [-90.341116, 38.567777],
            [-90.340843, 38.567827],
            [-90.340553, 38.56789],
            [-90.340456, 38.567915],
            [-90.340269, 38.567965],
            [-90.340095, 38.568026],
            [-90.340046, 38.568043],
            [-90.340029, 38.568049],
            [-90.339901, 38.568101],
            [-90.339854, 38.568121],
            [-90.339762, 38.568668],
            [-90.339715, 38.5689479],
            [-90.339486, 38.570313],
            [-90.339394, 38.570861],
            [-90.339386, 38.570905],
            [-90.339364, 38.571038],
            [-90.339357, 38.571083],
            [-90.339313, 38.571338],
            [-90.339185, 38.572106],
            [-90.339142, 38.572362],
            [-90.339119, 38.572493],
            [-90.339054, 38.572886],
            [-90.339033, 38.573018],
            [-90.339019, 38.573099],
            [-90.339012, 38.573139],
            [-90.339009, 38.573152],
            [-90.338947, 38.573547],
            [-90.338945, 38.573556],
            [-90.338924, 38.573691],
            [-90.338881, 38.57392],
            [-90.338869, 38.573985],
            [-90.338763, 38.574609],
            [-90.338724, 38.574839],
            [-90.338687, 38.575051],
            [-90.338579, 38.575687],
            [-90.338543, 38.5759],
            [-90.338461, 38.576384],
            [-90.338219, 38.577839],
            [-90.338139, 38.578324],
            [-90.338094, 38.578584],
            [-90.337963, 38.579367],
            [-90.33792, 38.579628],
            [-90.337895, 38.57977],
            [-90.337878, 38.579873],
            [-90.33781, 38.580195],
            [-90.337781, 38.580337],
            [-90.337741, 38.580544],
            [-90.337625, 38.581165],
            [-90.337587, 38.581373],
            [-90.337565, 38.58149],
            [-90.337549, 38.581571],
            [-90.33751, 38.581783],
            [-90.337421, 38.582164],
            [-90.337376, 38.582362],
            [-90.337344, 38.582591],
            [-90.337249, 38.58328],
            [-90.337223, 38.583469],
            [-90.337216, 38.58351],
            [-90.337211, 38.583559],
            [-90.337185, 38.583745],
            [-90.33709, 38.58445],
            [-90.337059, 38.584686],
            [-90.337046, 38.584783],
            [-90.337016, 38.584928],
            [-90.336932, 38.585338],
            [-90.336878, 38.585654],
            [-90.336838, 38.585897],
            [-90.336797, 38.586134],
            [-90.336788, 38.586193],
            [-90.336712, 38.586646],
            [-90.336669, 38.586847],
            [-90.336619, 38.587083],
            [-90.336583, 38.587295],
            [-90.336476, 38.587932],
            [-90.336454, 38.588066],
            [-90.336466, 38.588145],
            [-90.336481, 38.588241],
            [-90.336443, 38.588443],
            [-90.336387, 38.588744],
            [-90.336287, 38.589339],
            [-90.336237, 38.589639],
            [-90.336226, 38.589681],
            [-90.336225, 38.589683],
            [-90.336189, 38.589817],
            [-90.336177, 38.589862],
            [-90.336158, 38.589935],
            [-90.336156, 38.589939],
            [-90.33613, 38.590009],
            [-90.336106, 38.590069],
            [-90.336056, 38.59016],
            [-90.336024, 38.590219],
            [-90.336016, 38.59023],
            [-90.335991, 38.590285],
            [-90.335938, 38.590363],
            [-90.335885, 38.590447],
            [-90.335816, 38.590552],
            [-90.33571, 38.590584],
            [-90.335649, 38.590645],
            [-90.335514, 38.590744],
            [-90.335497, 38.590757],
            [-90.335413, 38.590803],
            [-90.335065, 38.590987],
            [-90.334838, 38.59109],
            [-90.334608, 38.591196],
            [-90.334285, 38.591342],
            [-90.333612, 38.591648],
            [-90.333463, 38.591714],
            [-90.333318, 38.591785],
            [-90.33329, 38.5918],
            [-90.333209, 38.591855],
            [-90.333022, 38.59198],
            [-90.332915, 38.592052],
            [-90.332564, 38.592594],
            [-90.332521, 38.592741],
            [-90.332519, 38.59275],
            [-90.332433, 38.593192],
            [-90.332405, 38.593343],
            [-90.332397, 38.59339],
            [-90.332374, 38.593532],
            [-90.332367, 38.59358],
            [-90.332344, 38.593701],
            [-90.332325, 38.593808],
            [-90.332276, 38.594065],
            [-90.332263, 38.594139],
            [-90.332254, 38.594187],
            [-90.332228, 38.594324],
            [-90.33215, 38.594735],
            [-90.332125, 38.594873],
            [-90.332105, 38.594981],
            [-90.332045, 38.595308],
            [-90.332026, 38.595417],
            [-90.331963, 38.595733],
            [-90.331776, 38.596682],
            [-90.3317191, 38.5969728],
            [-90.331714, 38.596999],
            [-90.331354, 38.597268],
            [-90.331321, 38.59729],
            [-90.330122, 38.598136],
            [-90.329723, 38.598419],
            [-90.329635, 38.59848],
            [-90.329375, 38.598664],
            [-90.329288, 38.598726],
            [-90.329103, 38.598855],
            [-90.328552, 38.599244],
            [-90.328368, 38.599374],
            [-90.328353, 38.599384],
            [-90.328309, 38.599415],
            [-90.328295, 38.599426],
            [-90.328042, 38.599604],
            [-90.327644, 38.5998845],
            [-90.327283, 38.600139],
            [-90.327112, 38.6002599],
            [-90.3270395, 38.600312],
            [-90.327031, 38.600318],
            [-90.3268831, 38.600472],
            [-90.3264969, 38.6009122],
            [-90.32628, 38.601144],
            [-90.326273, 38.601149],
            [-90.326214, 38.601188],
            [-90.327086, 38.602104],
            [-90.327091, 38.602109],
            [-90.327528, 38.602389],
            [-90.32797, 38.602562],
            [-90.329134, 38.60275],
            [-90.329649, 38.602789],
            [-90.330706, 38.603084],
            [-90.330911, 38.603142],
            [-90.331963, 38.603187],
            [-90.332286, 38.603201],
            [-90.332883, 38.603372],
            [-90.333104, 38.603436],
            [-90.333716, 38.603666],
            [-90.33405, 38.603944],
            [-90.334247, 38.604191],
            [-90.334401, 38.604681],
            [-90.334454, 38.605115],
            [-90.334444, 38.605367],
            [-90.334409, 38.606312],
            [-90.334407, 38.606366],
            [-90.334405, 38.606424],
            [-90.334401, 38.606531],
            [-90.334401, 38.606536],
            [-90.3344, 38.606586],
            [-90.334399, 38.6066],
            [-90.334558, 38.606955],
            [-90.334727, 38.607161],
            [-90.334921, 38.607396],
            [-90.335016, 38.607615],
            [-90.335053, 38.607973],
            [-90.335067, 38.608102],
            [-90.335047, 38.608642],
            [-90.335117, 38.609073],
            [-90.335131, 38.609158],
            [-90.335196, 38.609268],
            [-90.3352162, 38.6096519],
            [-90.3362633, 38.6096416],
            [-90.3362791, 38.61015],
            [-90.33637, 38.610132],
            [-90.336968, 38.609991],
            [-90.337412, 38.609886],
            [-90.337483, 38.609833],
            [-90.33814, 38.609767],
            [-90.338564, 38.609549],
            [-90.338948, 38.609353],
            [-90.339156, 38.609304],
            [-90.3395807, 38.6093109],
            [-90.3395776, 38.6091764],
            [-90.3399749, 38.6092837],
            [-90.3406374, 38.6094556],
            [-90.3411658, 38.6095625],
            [-90.3417827, 38.6096673],
            [-90.3422816, 38.6097323],
            [-90.3429039, 38.6097763],
            [-90.3434752, 38.6097511],
            [-90.3439472, 38.6096925],
            [-90.3444998, 38.6096107],
            [-90.3450255, 38.6094808],
            [-90.3454922, 38.609332],
            [-90.3462432, 38.6090574],
            [-90.346591, 38.606662],
            [-90.34685, 38.606181],
            [-90.346963, 38.606015],
            [-90.347069, 38.605861],
            [-90.347387, 38.605625],
            [-90.347527, 38.605575],
            [-90.347704, 38.605541],
            [-90.347805, 38.605521],
            [-90.34788, 38.605507],
            [-90.34864, 38.605362],
            [-90.348919, 38.605309],
            [-90.349254, 38.605204],
            [-90.350259, 38.60489],
            [-90.350595, 38.604786],
            [-90.350798, 38.60492],
            [-90.350946, 38.605019],
            [-90.350911, 38.605525],
            [-90.350902, 38.605571],
            [-90.350894, 38.605621],
            [-90.350877, 38.605716],
            [-90.35086, 38.605812],
            [-90.351128, 38.606008],
            [-90.351125, 38.606089],
            [-90.351223, 38.606226],
            [-90.351224, 38.60626],
            [-90.351264, 38.606984],
            [-90.351462, 38.607231],
            [-90.351904, 38.607377],
            [-90.352242, 38.607437],
            [-90.352849, 38.607547],
            [-90.352931, 38.607562],
            [-90.35314, 38.607614],
            [-90.354011, 38.607833],
            [-90.354302, 38.607907],
            [-90.354467, 38.607948],
            [-90.354639, 38.607952],
            [-90.354706, 38.608008],
            [-90.355221, 38.608115],
            [-90.355287, 38.608129],
            [-90.355729, 38.608274],
            [-90.35597, 38.608279],
            [-90.35655, 38.608446],
            [-90.356686, 38.608394],
            [-90.356823, 38.608342],
            [-90.357613, 38.608587],
            [-90.357962, 38.608712],
            [-90.358259, 38.608818],
            [-90.358495, 38.608958],
            [-90.358773, 38.609197],
            [-90.358798, 38.609105],
            [-90.358866, 38.608845],
            [-90.359103, 38.607956],
            [-90.359104, 38.607927],
            [-90.359107, 38.607786],
            [-90.359116, 38.607423],
            [-90.359146, 38.607249],
            [-90.359237, 38.606727],
            [-90.359425, 38.606572],
            [-90.359216, 38.606452],
            [-90.359488, 38.606225],
            [-90.35968, 38.605187],
            [-90.359744, 38.604842],
            [-90.359775, 38.604656],
            [-90.359872, 38.604099],
            [-90.359904, 38.603914],
            [-90.359746, 38.603897],
            [-90.359274, 38.603846],
            [-90.359153, 38.603834],
            [-90.359117, 38.60383],
            [-90.359143, 38.603667],
            [-90.3592782, 38.6030212],
            [-90.3594294, 38.6021716],
            [-90.3595898, 38.6012688],
            [-90.359705, 38.600546],
            [-90.359739, 38.600364],
            [-90.3604901, 38.6004632],
            [-90.3604188, 38.6008445],
            [-90.3648337, 38.6013413],
            [-90.3648985, 38.6009737],
            [-90.364952, 38.60098],
            [-90.365534, 38.601042],
            [-90.36728, 38.60123],
            [-90.367862, 38.601293],
            [-90.368166, 38.601325],
            [-90.368522, 38.601364],
            [-90.368626, 38.601375],
            [-90.369082, 38.601424],
            [-90.369387, 38.601457],
            [-90.369604, 38.60148],
            [-90.370116, 38.601535],
            [-90.370255, 38.60155],
            [-90.370472, 38.601574],
            [-90.370736, 38.601602],
            [-90.371517, 38.601688],
            [-90.371531, 38.601689],
            [-90.371797, 38.601714],
            [-90.37189, 38.601721],
            [-90.371966, 38.601728],
            [-90.372169, 38.601738],
            [-90.372263, 38.601744],
            [-90.372279, 38.601646],
            [-90.372298, 38.601532],
            [-90.372395, 38.600957],
            [-90.372405, 38.600897],
            [-90.372441, 38.600686],
            [-90.37246, 38.600599],
            [-90.372461, 38.600594],
            [-90.372486, 38.600537],
            [-90.372522, 38.600479],
            [-90.372589, 38.600405],
            [-90.372619, 38.600363],
            [-90.372641, 38.600333],
            [-90.372662, 38.60028],
            [-90.372703, 38.60003],
            [-90.372827, 38.59928],
            [-90.372869, 38.599031],
            [-90.372909, 38.598832],
            [-90.373029, 38.598235],
            [-90.37307, 38.598037],
            [-90.373149, 38.597587],
            [-90.373388, 38.596239],
            [-90.373468, 38.59579],
            [-90.373559, 38.595211],
            [-90.373757, 38.59396],
            [-90.373853, 38.593479],
            [-90.37395, 38.592901],
            [-90.373979, 38.592681],
            [-90.374129, 38.591568],
            [-90.374667, 38.58757],
            [-90.374683, 38.587457],
            [-90.37482, 38.586441],
            [-90.374819, 38.586236],
            [-90.374968, 38.586251],
            [-90.375298, 38.586285],
            [-90.375304, 38.586285],
            [-90.376759, 38.586436],
            [-90.377201, 38.586547],
            [-90.377245, 38.586306],
            [-90.377245, 38.585767],
            [-90.377246, 38.585587],
            [-90.377246, 38.585387],
            [-90.377246, 38.584787],
            [-90.377247, 38.584588],
            [-90.377247, 38.584487],
            [-90.377248, 38.584305],
            [-90.377212, 38.584211],
            [-90.377205, 38.584194],
            [-90.377171, 38.5841],
            [-90.377171, 38.583888],
            [-90.377174, 38.583252],
            [-90.377175, 38.583041],
            [-90.377255, 38.582932],
            [-90.377255, 38.582835],
            [-90.377255, 38.582803],
            [-90.377255, 38.582512],
            [-90.377255, 38.582218],
            [-90.377257, 38.580836],
            [-90.377257, 38.580463],
            [-90.377258, 38.579879],
            [-90.377257, 38.57974],
            [-90.377257, 38.579323],
            [-90.377257, 38.579185],
            [-90.377257, 38.579142],
            [-90.377257, 38.57914],
            [-90.377257, 38.579008],
            [-90.377257, 38.578964],
            [-90.377256, 38.578887],
            [-90.377256, 38.578658],
            [-90.377256, 38.578582],
            [-90.377256, 38.578508],
            [-90.377256, 38.578287],
            [-90.377256, 38.578214],
            [-90.377256, 38.578088],
            [-90.377258, 38.57771],
            [-90.37726, 38.577585],
            [-90.37726, 38.577339],
            [-90.377261, 38.577011],
            [-90.377262, 38.576902],
            [-90.377265, 38.576724],
            [-90.377268, 38.576521],
            [-90.37727, 38.576454],
            [-90.37727, 38.57642],
            [-90.37727, 38.576388],
            [-90.377273, 38.576271],
            [-90.377274, 38.57619],
            [-90.377275, 38.576125],
            [-90.377276, 38.576086],
            [-90.377279, 38.575968],
            [-90.377281, 38.57593],
            [-90.377283, 38.575839],
            [-90.37729, 38.575567],
            [-90.377293, 38.575477],
            [-90.377296, 38.575365],
            [-90.377305, 38.575032],
            [-90.377309, 38.574922]
          ]
        ]
      }
    },
    {
      "type": "Feature",
      "properties": {
        "NHD_NAME": "Affton",
        "NHD_NUMTXT": "95 Affton",
        "ANGLE": 0,
        "NHD_NUM_ST": "",
        "NHD_NUM": 95
      },
      "geometry": {
        "type": "Polygon",
        "coordinates": [
          [
            [-90.3591655, 38.5647926],
            [-90.359125, 38.564646],
            [-90.359092, 38.564469],
            [-90.359047, 38.56434],
            [-90.358981, 38.564218],
            [-90.358886, 38.564089],
            [-90.358764, 38.563925],
            [-90.358582, 38.563708],
            [-90.358447, 38.563545],
            [-90.358007, 38.563086],
            [-90.357616, 38.562752],
            [-90.356719, 38.562793],
            [-90.356461, 38.562775],
            [-90.356376, 38.562769],
            [-90.356372, 38.562874],
            [-90.356138, 38.562756],
            [-90.355436, 38.562721],
            [-90.355425, 38.56272],
            [-90.355189, 38.5627],
            [-90.355072, 38.562686],
            [-90.355058, 38.562684],
            [-90.354801, 38.562646],
            [-90.35467, 38.56262],
            [-90.354542, 38.562596],
            [-90.354429, 38.562572],
            [-90.354381, 38.562562],
            [-90.354095, 38.562489],
            [-90.354066, 38.562482],
            [-90.353986, 38.562457],
            [-90.353922, 38.562438],
            [-90.353857, 38.562415],
            [-90.353474, 38.56228],
            [-90.353347, 38.562235],
            [-90.352734, 38.562019],
            [-90.352514, 38.561943],
            [-90.351833, 38.561711],
            [-90.351696, 38.561654],
            [-90.351614, 38.561611],
            [-90.351481, 38.561531],
            [-90.351316, 38.561416],
            [-90.350676, 38.560927],
            [-90.350514, 38.560804],
            [-90.350273, 38.560607],
            [-90.350266, 38.560601],
            [-90.350213, 38.560559],
            [-90.349582, 38.560045],
            [-90.349553, 38.560021],
            [-90.349506, 38.559983],
            [-90.349465, 38.559953],
            [-90.349436, 38.559932],
            [-90.349404, 38.559957],
            [-90.349308, 38.560032],
            [-90.349276, 38.560057],
            [-90.349135, 38.560162],
            [-90.349016, 38.560252],
            [-90.348666, 38.560105],
            [-90.348504, 38.560037],
            [-90.347909, 38.559783],
            [-90.346125, 38.559022],
            [-90.345946, 38.558946],
            [-90.346152, 38.558545],
            [-90.346067, 38.558491],
            [-90.345953, 38.558406],
            [-90.345836, 38.558308],
            [-90.345716, 38.558209],
            [-90.34551, 38.558051],
            [-90.345295, 38.557899],
            [-90.345074, 38.557753],
            [-90.344868, 38.557628],
            [-90.344846, 38.557615],
            [-90.344524, 38.557436],
            [-90.344002, 38.557152],
            [-90.343031, 38.556626],
            [-90.342411, 38.556356],
            [-90.342062, 38.556204],
            [-90.341867, 38.556119],
            [-90.3418729, 38.5560845],
            [-90.341888, 38.555997],
            [-90.341892, 38.555967],
            [-90.341908, 38.555879],
            [-90.341913, 38.55585],
            [-90.341981, 38.555443],
            [-90.342187, 38.554225],
            [-90.342256, 38.553819],
            [-90.342303, 38.553536],
            [-90.342447, 38.552686],
            [-90.342416, 38.552252],
            [-90.342511, 38.551976],
            [-90.342573, 38.551896],
            [-90.342598, 38.55175],
            [-90.342674, 38.551313],
            [-90.3427, 38.551168],
            [-90.342789, 38.550662],
            [-90.342811, 38.550543],
            [-90.3429857, 38.5496924],
            [-90.3430324, 38.5494434],
            [-90.343057, 38.549147],
            [-90.343078, 38.549033],
            [-90.342914, 38.548672],
            [-90.343264, 38.548557],
            [-90.344315, 38.548212],
            [-90.344327, 38.548209],
            [-90.344666, 38.548098],
            [-90.344966, 38.547999],
            [-90.345868, 38.547703],
            [-90.346169, 38.547605],
            [-90.346332, 38.547551],
            [-90.346659, 38.547444],
            [-90.346824, 38.547389],
            [-90.346988, 38.547336],
            [-90.347082, 38.547305],
            [-90.347363, 38.547212],
            [-90.347458, 38.547182],
            [-90.346729, 38.545716],
            [-90.3447181, 38.5415063],
            [-90.3446181, 38.5412971],
            [-90.3441208, 38.5402056],
            [-90.34164, 38.541465],
            [-90.341589, 38.541504],
            [-90.341111, 38.54112],
            [-90.340985, 38.54121],
            [-90.340609, 38.54148],
            [-90.340484, 38.541571],
            [-90.339796, 38.542051],
            [-90.338473, 38.542978],
            [-90.337724, 38.543479],
            [-90.337028, 38.543947],
            [-90.336192, 38.543892],
            [-90.333691, 38.543728],
            [-90.333689, 38.543724],
            [-90.333589, 38.543526],
            [-90.332984, 38.543421],
            [-90.332996, 38.543152],
            [-90.333033, 38.542344],
            [-90.333046, 38.542076],
            [-90.333055, 38.541866],
            [-90.333084, 38.541238],
            [-90.333087, 38.541178],
            [-90.3331088, 38.5410228],
            [-90.333119, 38.540889],
            [-90.333128, 38.540829],
            [-90.333183, 38.540599],
            [-90.333219, 38.540486],
            [-90.333222, 38.540477],
            [-90.333272, 38.540345],
            [-90.333295, 38.540295],
            [-90.333364, 38.540146],
            [-90.333388, 38.540097],
            [-90.333478, 38.539939],
            [-90.333488, 38.539924],
            [-90.333587, 38.539788],
            [-90.333775, 38.539565],
            [-90.333871, 38.539461],
            [-90.333876, 38.539457],
            [-90.334014, 38.539321],
            [-90.334201, 38.539152],
            [-90.334204, 38.53915],
            [-90.334321, 38.539054],
            [-90.334799, 38.538692],
            [-90.335, 38.538541],
            [-90.335205, 38.538395],
            [-90.335821, 38.537958],
            [-90.336027, 38.537813],
            [-90.336158, 38.53772],
            [-90.336552, 38.53744],
            [-90.336684, 38.537348],
            [-90.336958, 38.537304],
            [-90.33706, 38.537288],
            [-90.337668, 38.536885],
            [-90.3379, 38.536733],
            [-90.337986, 38.53664],
            [-90.338244, 38.536365],
            [-90.338331, 38.536273],
            [-90.338811, 38.536084],
            [-90.340252, 38.535518],
            [-90.340476, 38.535431],
            [-90.340653, 38.535368],
            [-90.340735, 38.535335],
            [-90.340813, 38.535298],
            [-90.340913, 38.535253],
            [-90.341046, 38.535181],
            [-90.341077, 38.535165],
            [-90.3413128, 38.5350351],
            [-90.341271, 38.534994],
            [-90.3405924, 38.5344065],
            [-90.3401659, 38.5340443],
            [-90.340007, 38.5338565],
            [-90.3398747, 38.5337624],
            [-90.3397307, 38.5336747],
            [-90.339685, 38.533664],
            [-90.339706, 38.533697],
            [-90.339665, 38.533757],
            [-90.339652, 38.533777],
            [-90.3384698, 38.5331168],
            [-90.3376652, 38.5327748],
            [-90.3367854, 38.5324307],
            [-90.336249, 38.5322418],
            [-90.3349694, 38.5318793],
            [-90.3340999, 38.5316147],
            [-90.3299112, 38.5306743],
            [-90.3283853, 38.5303675],
            [-90.3271336, 38.5301695],
            [-90.3262724, 38.5300456],
            [-90.3252058, 38.5298001],
            [-90.324627, 38.5296496],
            [-90.3242055, 38.5295379],
            [-90.323411, 38.529272],
            [-90.321435, 38.528135],
            [-90.321287, 38.527895],
            [-90.320481, 38.526586],
            [-90.319766, 38.525423],
            [-90.319786, 38.525402],
            [-90.319849, 38.525341],
            [-90.31987, 38.525321],
            [-90.319795, 38.525205],
            [-90.319605, 38.524911],
            [-90.319572, 38.52486],
            [-90.319498, 38.524746],
            [-90.319476, 38.524767],
            [-90.319413, 38.524833],
            [-90.319392, 38.524855],
            [-90.318507, 38.52576],
            [-90.318131, 38.526142],
            [-90.316774, 38.527523],
            [-90.314335, 38.529989],
            [-90.313069, 38.531271],
            [-90.312814, 38.531529],
            [-90.312051, 38.532303],
            [-90.311797, 38.532562],
            [-90.31174, 38.532618],
            [-90.311572, 38.532789],
            [-90.311517, 38.532846],
            [-90.311264, 38.5331],
            [-90.310505, 38.533864],
            [-90.310253, 38.534119],
            [-90.310111, 38.534537],
            [-90.310481, 38.534253],
            [-90.310532, 38.534208],
            [-90.310637, 38.534117],
            [-90.310815, 38.533998],
            [-90.311128, 38.533817],
            [-90.311275, 38.533737],
            [-90.311435, 38.533663],
            [-90.311627, 38.533587],
            [-90.311814, 38.533531],
            [-90.311951, 38.533494],
            [-90.312037, 38.533472],
            [-90.312238, 38.533413],
            [-90.312354, 38.53335],
            [-90.312389, 38.533252],
            [-90.312553, 38.533326],
            [-90.312759, 38.533421],
            [-90.313043, 38.533557],
            [-90.313206, 38.533635],
            [-90.313332, 38.5337],
            [-90.313436, 38.533753],
            [-90.313589, 38.533837],
            [-90.313706, 38.533907],
            [-90.313828, 38.533981],
            [-90.313925, 38.534044],
            [-90.31403, 38.534113],
            [-90.31417, 38.534211],
            [-90.314213, 38.534243],
            [-90.314306, 38.534314],
            [-90.314383, 38.534377],
            [-90.314565, 38.534526],
            [-90.314615, 38.53457],
            [-90.314691, 38.534637],
            [-90.314839, 38.534783],
            [-90.314924, 38.534867],
            [-90.31514, 38.535108],
            [-90.315256, 38.535252],
            [-90.315387, 38.535416],
            [-90.315665, 38.535288],
            [-90.315824, 38.535216],
            [-90.316146, 38.535596],
            [-90.316392, 38.535608],
            [-90.316699, 38.535625],
            [-90.316966, 38.53563],
            [-90.317532, 38.535643],
            [-90.317666, 38.535643],
            [-90.317767, 38.535645],
            [-90.31784, 38.535648],
            [-90.318034, 38.535655],
            [-90.318068, 38.535654],
            [-90.318173, 38.535652],
            [-90.318209, 38.535652],
            [-90.318211, 38.535749],
            [-90.31822, 38.53604],
            [-90.318223, 38.536138],
            [-90.318261, 38.53684],
            [-90.318376, 38.538949],
            [-90.318415, 38.539652],
            [-90.316094, 38.539694],
            [-90.312615, 38.539757],
            [-90.312614, 38.540058],
            [-90.309433, 38.54006],
            [-90.308614, 38.540061],
            [-90.308714, 38.538563],
            [-90.308733, 38.538144],
            [-90.308793, 38.536889],
            [-90.308813, 38.536471],
            [-90.308781, 38.536323],
            [-90.308706, 38.535966],
            [-90.308688, 38.535882],
            [-90.308657, 38.535736],
            [-90.307615, 38.536797],
            [-90.307128, 38.537294],
            [-90.305382, 38.539058],
            [-90.3051, 38.539327],
            [-90.304788, 38.539575],
            [-90.3046, 38.539736],
            [-90.304401, 38.539881],
            [-90.304172, 38.54005],
            [-90.303962, 38.540186],
            [-90.303431, 38.54051],
            [-90.303422, 38.540515],
            [-90.303142, 38.540668],
            [-90.303132, 38.540674],
            [-90.303075, 38.540703],
            [-90.302876, 38.540808],
            [-90.30281, 38.540843],
            [-90.302782, 38.540918],
            [-90.302738, 38.54099],
            [-90.302659, 38.541124],
            [-90.30259, 38.541239],
            [-90.302464, 38.541398],
            [-90.302371, 38.541518],
            [-90.302361, 38.541526],
            [-90.302252, 38.541617],
            [-90.30208, 38.541733],
            [-90.302042, 38.54176],
            [-90.301842, 38.54191],
            [-90.301623, 38.542031],
            [-90.301154, 38.542213],
            [-90.3008443, 38.5423496],
            [-90.300828, 38.54234],
            [-90.300683, 38.542398],
            [-90.300637, 38.542418],
            [-90.300255, 38.542585],
            [-90.300113, 38.542648],
            [-90.300268, 38.542884],
            [-90.300512, 38.543223],
            [-90.300632, 38.543389],
            [-90.300967, 38.543971],
            [-90.301051, 38.544355],
            [-90.301393, 38.544761],
            [-90.30159, 38.544987],
            [-90.301904, 38.545349],
            [-90.302028, 38.545533],
            [-90.302062, 38.545533],
            [-90.3021, 38.545531],
            [-90.302175, 38.545544],
            [-90.302242, 38.545573],
            [-90.302521, 38.545742],
            [-90.303918, 38.546587],
            [-90.303927, 38.546593],
            [-90.303967, 38.546622],
            [-90.304019, 38.546681],
            [-90.304051, 38.546747],
            [-90.304054, 38.546765],
            [-90.304062, 38.546818],
            [-90.304062, 38.547094],
            [-90.304239, 38.547094],
            [-90.304308, 38.547095],
            [-90.304771, 38.547146],
            [-90.304948, 38.547166],
            [-90.304953, 38.546992],
            [-90.304957, 38.546865],
            [-90.304961, 38.546735],
            [-90.304984, 38.546664],
            [-90.305111, 38.546525],
            [-90.3051338, 38.5465006],
            [-90.305184, 38.546447],
            [-90.305237, 38.546406],
            [-90.305318, 38.546373],
            [-90.305393, 38.546364],
            [-90.305542, 38.546379],
            [-90.306477, 38.546479],
            [-90.306487, 38.54648],
            [-90.30656, 38.546497],
            [-90.306624, 38.54653],
            [-90.306673, 38.546576],
            [-90.306712, 38.546657],
            [-90.307328, 38.546732],
            [-90.309177, 38.54696],
            [-90.3097732, 38.5470334],
            [-90.309794, 38.547036],
            [-90.309803, 38.546812],
            [-90.309829, 38.546143],
            [-90.309839, 38.54592],
            [-90.310007, 38.545938],
            [-90.310511, 38.545992],
            [-90.310617, 38.546004],
            [-90.310674, 38.546032],
            [-90.3105298, 38.5512006],
            [-90.3104722, 38.5533934],
            [-90.310669, 38.553488],
            [-90.311045, 38.553536],
            [-90.311171, 38.553552],
            [-90.31108, 38.554049],
            [-90.310852, 38.555297],
            [-90.310857, 38.555386],
            [-90.310884, 38.555471],
            [-90.310912, 38.555534],
            [-90.311115, 38.555952],
            [-90.310926, 38.556048],
            [-90.310347, 38.556206],
            [-90.310015, 38.556252],
            [-90.309926, 38.55632],
            [-90.309245, 38.556506],
            [-90.309018, 38.556568],
            [-90.308756, 38.556638],
            [-90.30797, 38.556852],
            [-90.307709, 38.556924],
            [-90.307533, 38.556971],
            [-90.307009, 38.557114],
            [-90.306834, 38.557162],
            [-90.306613, 38.557215],
            [-90.306274, 38.557315],
            [-90.306088, 38.557371],
            [-90.305695, 38.557502],
            [-90.305575, 38.557549],
            [-90.305103, 38.557715],
            [-90.304633, 38.557893],
            [-90.304517, 38.557938],
            [-90.304096, 38.558112],
            [-90.303915, 38.55819],
            [-90.303682, 38.558293],
            [-90.303378, 38.558434],
            [-90.3032, 38.558518],
            [-90.303042, 38.558597],
            [-90.302617, 38.558812],
            [-90.302568, 38.558838],
            [-90.302315, 38.558952],
            [-90.302413, 38.558922],
            [-90.302542, 38.559109],
            [-90.303102, 38.559568],
            [-90.303289, 38.559722],
            [-90.303333, 38.559758],
            [-90.303466, 38.559868],
            [-90.303511, 38.559905],
            [-90.304077, 38.56037],
            [-90.305776, 38.561766],
            [-90.306343, 38.562232],
            [-90.306466, 38.562333],
            [-90.306836, 38.562637],
            [-90.30696, 38.562739],
            [-90.307044, 38.562808],
            [-90.307296, 38.563015],
            [-90.307381, 38.563085],
            [-90.307517, 38.563197],
            [-90.307927, 38.563533],
            [-90.308064, 38.563646],
            [-90.308149, 38.563716],
            [-90.308405, 38.563926],
            [-90.308491, 38.563997],
            [-90.308664, 38.564139],
            [-90.30877, 38.564227],
            [-90.309231, 38.564425],
            [-90.309264, 38.564432],
            [-90.309484, 38.564481],
            [-90.309695, 38.564528],
            [-90.309755, 38.564542],
            [-90.31034, 38.564607],
            [-90.310615, 38.564652],
            [-90.310614, 38.564665],
            [-90.310812, 38.564659],
            [-90.310857, 38.564664],
            [-90.311356, 38.56472],
            [-90.311538, 38.564741],
            [-90.311581, 38.564745],
            [-90.311713, 38.56476],
            [-90.311757, 38.564766],
            [-90.311928, 38.564785],
            [-90.312144, 38.564809],
            [-90.312441, 38.564836],
            [-90.312613, 38.564853],
            [-90.31267, 38.564858],
            [-90.312841, 38.564874],
            [-90.312899, 38.56488],
            [-90.313054, 38.564894],
            [-90.313178, 38.564906],
            [-90.313519, 38.564938],
            [-90.313675, 38.564953],
            [-90.31375, 38.56496],
            [-90.313975, 38.564981],
            [-90.314051, 38.564989],
            [-90.314279, 38.56501],
            [-90.314966, 38.565074],
            [-90.315195, 38.565096],
            [-90.315234, 38.565099],
            [-90.315351, 38.565111],
            [-90.31539, 38.565115],
            [-90.315579, 38.565132],
            [-90.31615, 38.565186],
            [-90.316415, 38.565352],
            [-90.316697, 38.565241],
            [-90.31729, 38.565301],
            [-90.317515, 38.565352],
            [-90.317488, 38.565322],
            [-90.317813, 38.565355],
            [-90.318421, 38.565418],
            [-90.318615, 38.565552],
            [-90.318625, 38.565543],
            [-90.318624, 38.565439],
            [-90.318937, 38.56547],
            [-90.31957, 38.565535],
            [-90.319782, 38.565557],
            [-90.320011, 38.56558],
            [-90.320701, 38.565651],
            [-90.320931, 38.565675],
            [-90.321317, 38.565713],
            [-90.322476, 38.56583],
            [-90.322863, 38.565869],
            [-90.323079, 38.565891],
            [-90.323727, 38.565959],
            [-90.323943, 38.565982],
            [-90.324105, 38.565999],
            [-90.324591, 38.56605],
            [-90.324915, 38.566052],
            [-90.324928, 38.566055],
            [-90.325191, 38.566119],
            [-90.325813, 38.566202],
            [-90.325876, 38.566211],
            [-90.326022, 38.566226],
            [-90.326079, 38.566231],
            [-90.32625, 38.566249],
            [-90.326307, 38.566255],
            [-90.32645, 38.566269],
            [-90.326882, 38.566314],
            [-90.327026, 38.566329],
            [-90.327614, 38.566389],
            [-90.329379, 38.566569],
            [-90.329968, 38.56663],
            [-90.33034, 38.566658],
            [-90.330858, 38.566698],
            [-90.331455, 38.566757],
            [-90.331827, 38.566795],
            [-90.332156, 38.566828],
            [-90.332256, 38.566838],
            [-90.333146, 38.566927],
            [-90.333476, 38.56696],
            [-90.333588, 38.566972],
            [-90.333927, 38.56701],
            [-90.33404, 38.567023],
            [-90.334026, 38.566949],
            [-90.333989, 38.566797],
            [-90.333932, 38.566557],
            [-90.333815, 38.566248],
            [-90.333767, 38.566144],
            [-90.333672, 38.565934],
            [-90.333696, 38.565849],
            [-90.333737, 38.565621],
            [-90.333772, 38.565436],
            [-90.333875, 38.564673],
            [-90.333908, 38.564434],
            [-90.333925, 38.564358],
            [-90.333968, 38.564361],
            [-90.334097, 38.56437],
            [-90.334141, 38.564373],
            [-90.334207, 38.564377],
            [-90.33423, 38.564379],
            [-90.3345, 38.564407],
            [-90.33459, 38.564417],
            [-90.334683, 38.564425],
            [-90.334962, 38.564451],
            [-90.335055, 38.56446],
            [-90.335193, 38.564474],
            [-90.335607, 38.564516],
            [-90.335727, 38.564529],
            [-90.335745, 38.564531],
            [-90.335834, 38.56454],
            [-90.335996, 38.564557],
            [-90.336101, 38.564568],
            [-90.336191, 38.564578],
            [-90.336292, 38.564588],
            [-90.336596, 38.564621],
            [-90.336698, 38.564632],
            [-90.336855, 38.564648],
            [-90.337098, 38.564674],
            [-90.33706, 38.564901],
            [-90.337034, 38.565057],
            [-90.337019, 38.565142],
            [-90.336977, 38.5654],
            [-90.336963, 38.565486],
            [-90.336952, 38.565556],
            [-90.33692, 38.565768],
            [-90.33691, 38.565839],
            [-90.336888, 38.566114],
            [-90.336843, 38.56668],
            [-90.337103, 38.566713],
            [-90.337378, 38.566749],
            [-90.337629, 38.566757],
            [-90.338382, 38.566782],
            [-90.338633, 38.566791],
            [-90.338922, 38.566827],
            [-90.33979, 38.566935],
            [-90.34008, 38.566971],
            [-90.340097, 38.566864],
            [-90.340148, 38.566545],
            [-90.340166, 38.566439],
            [-90.340191, 38.566282],
            [-90.340268, 38.565814],
            [-90.340295, 38.565658],
            [-90.342461, 38.565707],
            [-90.34896, 38.565856],
            [-90.350487, 38.565892],
            [-90.350278, 38.565287],
            [-90.350159, 38.565049],
            [-90.350012, 38.564752],
            [-90.35047, 38.564684],
            [-90.350733, 38.564646],
            [-90.351037, 38.564545],
            [-90.351368, 38.56461],
            [-90.352557, 38.564843],
            [-90.353319, 38.564788],
            [-90.353976, 38.564741],
            [-90.354359, 38.564653],
            [-90.35491, 38.564529],
            [-90.354911, 38.565144],
            [-90.354912, 38.565538],
            [-90.355532, 38.565437],
            [-90.355741, 38.565403],
            [-90.357011, 38.565197],
            [-90.35806, 38.565026],
            [-90.35823, 38.564999],
            [-90.359164, 38.564848],
            [-90.3591655, 38.5647926]
          ]
        ]
      }
    }
  ]
}
